batch_id,product,dosage_form,production_line,start_time,end_time,status,disposition,disposition_time,first_ship_time
SYN-0001,"Famotidine Injection, USP",sterile solution for injection,LINE-A,2024-02-09T07:00:00Z,2024-02-09T15:28:15Z,released,released,2024-02-24T20:52:43Z,2024-02-27T04:48:34Z
SYN-0002,Electrolyte Injection,sterile solution for injection,LINE-A,2024-02-13T07:00:00Z,2024-02-13T15:27:30Z,released,released,2024-02-28T18:34:55Z,2024-03-03T11:45:58Z
SYN-0003,Electrolyte Injection,sterile solution for injection,LINE-B,2024-02-17T07:00:00Z,2024-02-17T16:50:49Z,released,released,2024-03-03T09:56:47Z,2024-03-06T03:24:06Z
SYN-0004,Electrolyte Injection,sterile solution for injection,LINE-C,2024-02-21T07:00:00Z,2024-02-21T17:12:55Z,released,released,2024-03-07T10:15:35Z,2024-03-11T18:22:49Z
SYN-0005,Saline Injection,sterile solution for injection,LINE-A,2024-02-25T07:00:00Z,2024-02-25T14:41:06Z,released,released,2024-03-11T01:35:08Z,2024-03-14T01:14:37Z
SYN-0006,Heparin Sodium Injection,sterile solution for injection,LINE-A,2024-02-29T07:00:00Z,2024-02-29T15:37:12Z,released,released,2024-03-15T04:56:01Z,2024-03-16T10:18:43Z
SYN-0007,Saline Injection,sterile solution for injection,LINE-A,2024-03-04T07:00:00Z,2024-03-04T17:10:23Z,released,released,2024-03-19T10:21:00Z,2024-03-22T23:35:33Z
SYN-0008,"Famotidine Injection, USP",sterile solution for injection,LINE-A,2024-03-08T07:00:00Z,2024-03-08T16:47:48Z,released,released,2024-03-23T22:37:49Z,2024-03-25T12:36:02Z
SYN-0009,Saline Injection,sterile solution for injection,LINE-B,2024-03-12T07:00:00Z,2024-03-12T15:19:16Z,released,released,2024-03-27T06:47:06Z,2024-03-30T01:01:28Z
SYN-0010,Saline Injection,sterile solution for injection,LINE-A,2024-03-16T07:00:00Z,2024-03-16T16:46:36Z,released,released,2024-03-31T13:32:37Z,2024-04-02T14:44:36Z
SYN-0011,Heparin Sodium Injection,sterile solution for injection,LINE-A,2024-03-20T07:00:00Z,2024-03-20T16:29:05Z,released,released,2024-04-04T03:15:33Z,2024-04-05T20:57:08Z
SYN-0012,Electrolyte Injection,sterile solution for injection,LINE-A,2024-03-24T07:00:00Z,2024-03-24T16:33:59Z,released,released,2024-04-08T18:02:20Z,2024-04-11T18:58:11Z
SYN-0013,Ondansetron Injection,sterile solution for injection,LINE-A,2024-03-28T07:00:00Z,2024-03-28T16:08:21Z,released,released,2024-04-12T20:55:50Z,2024-04-16T17:02:00Z
SYN-0014,Heparin Sodium Injection,sterile solution for injection,LINE-B,2024-04-01T07:00:00Z,2024-04-01T16:22:24Z,released,released,2024-04-16T19:03:42Z,2024-04-19T16:06:14Z
SYN-0015,"Famotidine Injection, USP",sterile solution for injection,LINE-A,2024-04-05T07:00:00Z,2024-04-05T15:21:20Z,released,released,2024-04-20T08:32:56Z,2024-04-22T10:31:44Z
SYN-0016,Ondansetron Injection,sterile solution for injection,LINE-B,2024-04-09T07:00:00Z,2024-04-09T16:11:35Z,released,released,2024-04-24T12:55:06Z,2024-04-28T07:35:32Z
SYN-0017,"Famotidine Injection, USP",sterile solution for injection,LINE-A,2024-04-13T07:00:00Z,2024-04-13T16:55:56Z,released,released,2024-04-28T09:12:29Z,2024-05-02T04:45:12Z
SYN-0018,Electrolyte Injection,sterile solution for injection,LINE-A,2024-04-17T07:00:00Z,2024-04-17T15:20:08Z,released,released,2024-05-02T12:05:55Z,2024-05-04T09:52:14Z
SYN-0019,Ondansetron Injection,sterile solution for injection,LINE-B,2024-04-21T07:00:00Z,2024-04-21T15:21:47Z,released,released,2024-05-06T11:36:27Z,2024-05-08T20:19:25Z
SYN-0020,Ondansetron Injection,sterile solution for injection,LINE-B,2024-04-25T07:00:00Z,2024-04-25T17:02:24Z,released,released,2024-05-11T01:18:32Z,2024-05-13T22:10:31Z
SYN-0021,Saline Injection,sterile solution for injection,LINE-A,2024-04-29T07:00:00Z,2024-04-29T16:11:54Z,released,released,2024-05-13T23:39:45Z,2024-05-18T08:04:28Z
SYN-0022,Saline Injection,sterile solution for injection,LINE-B,2024-05-03T07:00:00Z,2024-05-03T14:55:40Z,released,released,2024-05-18T18:07:13Z,2024-05-21T01:38:45Z
SYN-0023,Ondansetron Injection,sterile solution for injection,LINE-A,2024-05-07T07:00:00Z,2024-05-07T16:47:42Z,released,released,2024-05-22T08:21:06Z,2024-05-25T14:59:25Z
SYN-0024,Saline Injection,sterile solution for injection,LINE-A,2024-05-11T07:00:00Z,2024-05-11T15:41:42Z,released,released,2024-05-26T15:49:47Z,2024-05-30T02:43:45Z
SYN-0025,Ondansetron Injection,sterile solution for injection,LINE-A,2024-05-15T07:00:00Z,2024-05-15T16:10:54Z,released,released,2024-05-30T03:37:14Z,2024-05-31T13:45:20Z
SYN-0026,"Famotidine Injection, USP",sterile solution for injection,LINE-A,2024-05-19T07:00:00Z,2024-05-19T16:03:25Z,released,released,2024-06-03T05:49:24Z,2024-06-04T09:38:48Z
SYN-0027,Ondansetron Injection,sterile solution for injection,LINE-A,2024-05-23T07:00:00Z,2024-05-23T16:19:32Z,released,released,2024-06-07T10:27:15Z,2024-06-09T22:28:33Z
SYN-0028,Electrolyte Injection,sterile solution for injection,LINE-A,2024-05-27T07:00:00Z,2024-05-27T15:21:47Z,released,released,2024-06-11T20:00:50Z,2024-06-15T00:31:08Z
SYN-0029,Saline Injection,sterile solution for injection,LINE-B,2024-05-31T07:00:00Z,2024-05-31T15:33:27Z,released,released,2024-06-14T23:56:07Z,2024-06-18T08:34:34Z
SYN-0030,Heparin Sodium Injection,sterile solution for injection,LINE-A,2024-06-04T07:00:00Z,2024-06-04T16:36:04Z,released,released,2024-06-18T22:25:08Z,2024-06-20T19:37:13Z
SYN-0031,"Famotidine Injection, USP",sterile solution for injection,LINE-C,2024-06-08T07:00:00Z,2024-06-08T16:01:38Z,released,released,2024-06-23T03:29:06Z,2024-06-27T14:50:04Z
SYN-0032,Saline Injection,sterile solution for injection,LINE-A,2024-06-12T07:00:00Z,2024-06-12T17:12:27Z,released,released,2024-06-27T16:38:52Z,2024-07-01T13:34:26Z
SYN-0033,Ondansetron Injection,sterile solution for injection,LINE-C,2024-06-16T07:00:00Z,2024-06-16T16:09:30Z,released,released,2024-07-01T12:40:07Z,2024-07-05T09:36:41Z
SYN-0034,Saline Injection,sterile solution for injection,LINE-A,2024-06-20T07:00:00Z,2024-06-20T15:19:17Z,released,released,2024-07-05T19:58:56Z,2024-07-08T08:26:09Z
SYN-0035,Heparin Sodium Injection,sterile solution for injection,LINE-A,2024-06-24T07:00:00Z,2024-06-24T15:45:59Z,released,released,2024-07-09T05:49:00Z,2024-07-11T03:09:03Z
SYN-0036,Saline Injection,sterile solution for injection,LINE-A,2024-06-28T07:00:00Z,2024-06-28T15:45:34Z,released,released,2024-07-13T11:30:57Z,2024-07-15T20:45:49Z
SYN-0037,Saline Injection,sterile solution for injection,LINE-B,2024-07-02T07:00:00Z,2024-07-02T16:15:00Z,released,released,2024-07-17T05:35:07Z,2024-07-19T06:22:29Z
SYN-0038,Electrolyte Injection,sterile solution for injection,LINE-C,2024-07-06T07:00:00Z,2024-07-06T15:12:42Z,released,released,2024-07-21T17:58:06Z,2024-07-26T04:17:00Z
SYN-0039,"Famotidine Injection, USP",sterile solution for injection,LINE-A,2024-07-10T07:00:00Z,2024-07-10T15:40:59Z,released,released,2024-07-25T11:05:05Z,2024-07-28T21:58:30Z
SYN-0040,Saline Injection,sterile solution for injection,LINE-A,2024-07-14T07:00:00Z,2024-07-14T14:33:09Z,released,released,2024-07-29T05:05:15Z,2024-07-31T00:55:15Z
SYN-0041,Heparin Sodium Injection,sterile solution for injection,LINE-A,2024-07-18T07:00:00Z,2024-07-18T14:59:54Z,released,released,2024-08-02T12:43:15Z,2024-08-05T11:16:28Z
SYN-0042,Electrolyte Injection,sterile solution for injection,LINE-A,2024-07-22T07:00:00Z,2024-07-22T16:07:18Z,released,released,2024-08-06T13:50:27Z,2024-08-10T04:28:36Z
SYN-0043,"Famotidine Injection, USP",sterile solution for injection,LINE-A,2024-07-26T07:00:00Z,2024-07-26T17:09:25Z,released,released,2024-08-10T10:07:32Z,2024-08-13T11:17:47Z
SYN-0044,Ondansetron Injection,sterile solution for injection,LINE-A,2024-07-30T07:00:00Z,2024-07-30T14:50:42Z,released,released,2024-08-14T12:44:39Z,2024-08-16T14:59:53Z
SYN-0045,Saline Injection,sterile solution for injection,LINE-A,2024-08-03T07:00:00Z,2024-08-03T16:25:28Z,released,released,2024-08-18T09:18:36Z,2024-08-21T09:51:19Z
SYN-0046,Saline Injection,sterile solution for injection,LINE-C,2024-08-07T07:00:00Z,2024-08-07T15:57:52Z,released,released,2024-08-22T01:13:05Z,2024-08-25T17:15:37Z
SYN-0047,Ondansetron Injection,sterile solution for injection,LINE-A,2024-08-11T07:00:00Z,2024-08-11T16:02:12Z,released,released,2024-08-26T10:10:56Z,2024-08-28T04:17:24Z
SYN-0048,"Famotidine Injection, USP",sterile solution for injection,LINE-A,2024-08-15T07:00:00Z,2024-08-15T16:10:25Z,released,released,2024-08-30T10:12:00Z,2024-09-01T00:57:30Z
SYN-0049,Heparin Sodium Injection,sterile solution for injection,LINE-B,2024-08-19T07:00:00Z,2024-08-19T16:32:03Z,released,released,2024-09-03T02:04:59Z,2024-09-07T03:12:26Z
SYN-0050,"Famotidine Injection, USP",sterile solution for injection,LINE-C,2024-08-23T07:00:00Z,2024-08-23T14:44:09Z,released,released,2024-09-07T11:04:27Z,2024-09-10T04:34:48Z
SYN-0051,"Famotidine Injection, USP",sterile solution for injection,LINE-A,2024-08-27T07:00:00Z,2024-08-27T14:50:48Z,released,released,2024-09-11T10:50:32Z,2024-09-14T01:42:36Z
SYN-0052,Ondansetron Injection,sterile solution for injection,LINE-A,2024-08-31T07:00:00Z,2024-08-31T17:14:14Z,released,released,2024-09-15T17:35:52Z,2024-09-18T20:49:17Z
SYN-0053,Saline Injection,sterile solution for injection,LINE-A,2024-09-04T07:00:00Z,2024-09-04T15:16:42Z,released,released,2024-09-19T18:42:08Z,2024-09-22T03:37:36Z
SYN-0054,Electrolyte Injection,sterile solution for injection,LINE-A,2024-09-08T07:00:00Z,2024-09-08T14:59:10Z,released,released,2024-09-23T11:27:15Z,2024-09-27T03:48:41Z
SYN-0055,"Famotidine Injection, USP",sterile solution for injection,LINE-A,2024-09-12T07:00:00Z,2024-09-12T17:14:48Z,released,released,2024-09-27T14:15:51Z,2024-09-29T10:13:01Z
SYN-0056,Heparin Sodium Injection,sterile solution for injection,LINE-A,2024-09-16T07:00:00Z,2024-09-16T15:32:26Z,released,released,2024-10-01T02:52:13Z,2024-10-02T19:38:42Z
SYN-0057,Saline Injection,sterile solution for injection,LINE-B,2024-09-20T07:00:00Z,2024-09-20T16:41:49Z,released,released,2024-10-05T22:23:52Z,2024-10-09T04:59:40Z
SYN-0058,Heparin Sodium Injection,sterile solution for injection,LINE-A,2024-09-24T07:00:00Z,2024-09-24T16:38:40Z,released,released,2024-10-09T03:24:53Z,2024-10-13T07:26:50Z
SYN-0059,Ondansetron Injection,sterile solution for injection,LINE-C,2024-09-28T07:00:00Z,2024-09-28T15:30:12Z,released,released,2024-10-13T10:37:08Z,2024-10-14T11:59:00Z
SYN-0060,Ondansetron Injection,sterile solution for injection,LINE-C,2024-10-02T07:00:00Z,2024-10-02T17:10:29Z,released,released,2024-10-17T01:09:09Z,2024-10-20T19:36:20Z
SYN-0061,Ondansetron Injection,sterile solution for injection,LINE-A,2024-10-06T07:00:00Z,2024-10-06T14:33:59Z,released,released,2024-10-21T08:44:08Z,2024-10-25T03:42:29Z
SYN-0062,Heparin Sodium Injection,sterile solution for injection,LINE-B,2024-10-10T07:00:00Z,2024-10-10T16:37:26Z,released,released,2024-10-25T12:19:14Z,2024-10-29T22:38:35Z
SYN-0063,Electrolyte Injection,sterile solution for injection,LINE-A,2024-10-14T07:00:00Z,2024-10-14T15:53:58Z,released,released,2024-10-29T08:54:14Z,2024-11-01T15:28:01Z
SYN-0064,Saline Injection,sterile solution for injection,LINE-A,2024-10-18T07:00:00Z,2024-10-18T17:56:17Z,released,released,2024-11-02T18:20:55Z,2024-11-05T16:32:54Z
SYN-0065,"Famotidine Injection, USP",sterile solution for injection,LINE-A,2024-10-22T07:00:00Z,2024-10-22T16:37:09Z,released,released,2024-11-06T04:38:28Z,2024-11-09T16:51:49Z
SYN-0066,Heparin Sodium Injection,sterile solution for injection,LINE-A,2024-10-26T07:00:00Z,2024-10-26T16:09:15Z,released,released,2024-11-10T06:44:50Z,2024-11-11T17:10:36Z
SYN-0067,Heparin Sodium Injection,sterile solution for injection,LINE-B,2024-10-30T07:00:00Z,2024-10-30T16:51:51Z,released,released,2024-11-14T17:47:54Z,2024-11-15T21:15:31Z
SYN-0068,"Famotidine Injection, USP",sterile solution for injection,LINE-A,2024-11-03T07:00:00Z,2024-11-03T18:08:32Z,released,released,2024-11-18T07:29:18Z,2024-11-20T22:30:06Z
SYN-0069,Heparin Sodium Injection,sterile solution for injection,LINE-A,2024-11-07T07:00:00Z,2024-11-07T16:22:26Z,released,released,2024-11-22T17:50:40Z,2024-11-25T11:37:25Z
SYN-0070,"Famotidine Injection, USP",sterile solution for injection,LINE-A,2024-11-11T07:00:00Z,2024-11-11T15:12:08Z,released,released,2024-11-26T10:05:38Z,2024-11-28T02:26:41Z
SYN-0071,Ondansetron Injection,sterile solution for injection,LINE-C,2024-11-15T07:00:00Z,2024-11-15T15:44:53Z,released,released,2024-11-30T14:04:07Z,2024-12-02T01:48:37Z
SYN-0072,"Famotidine Injection, USP",sterile solution for injection,LINE-B,2024-11-19T07:00:00Z,2024-11-19T15:29:51Z,released,released,2024-12-04T06:42:34Z,2024-12-07T13:46:45Z
SYN-0073,"Famotidine Injection, USP",sterile solution for injection,LINE-C,2024-11-23T07:00:00Z,2024-11-23T16:28:52Z,released,released,2024-12-08T13:40:24Z,2024-12-11T12:47:16Z
SYN-0074,Saline Injection,sterile solution for injection,LINE-A,2024-11-27T07:00:00Z,2024-11-27T15:10:15Z,released,released,2024-12-12T16:36:15Z,2024-12-16T02:35:03Z
BATCH-075,"Famotidine Injection, USP",sterile solution for injection,LINE-A,2024-12-01T06:40:00Z,2024-12-01T15:43:50Z,released,released,2024-12-16T00:28:32Z,2025-01-02T00:00:00Z
SYN-0075,Ondansetron Injection,sterile solution for injection,LINE-A,2024-12-02T07:00:00Z,2024-12-02T15:48:18Z,released,released,2024-12-17T04:28:38Z,2024-12-21T13:26:45Z
SYN-0076,"Famotidine Injection, USP",sterile solution for injection,LINE-C,2024-12-05T07:00:00Z,2024-12-05T17:58:27Z,released,released,2024-12-20T08:36:54Z,2024-12-21T17:37:42Z
SYN-0077,Electrolyte Injection,sterile solution for injection,LINE-C,2024-12-09T07:00:00Z,2024-12-09T15:31:53Z,released,released,2024-12-24T13:26:05Z,2024-12-28T16:47:11Z
SYN-0078,Saline Injection,sterile solution for injection,LINE-A,2024-12-13T07:00:00Z,2024-12-13T15:25:00Z,released,released,2024-12-28T14:43:22Z,2025-01-01T21:44:10Z
SYN-0079,Heparin Sodium Injection,sterile solution for injection,LINE-A,2024-12-17T07:00:00Z,2024-12-17T14:59:42Z,released,released,2025-01-01T11:41:52Z,2025-01-05T15:32:26Z
SYN-0080,"Famotidine Injection, USP",sterile solution for injection,LINE-A,2024-12-21T07:00:00Z,2024-12-21T15:52:46Z,released,released,2025-01-05T15:23:55Z,2025-01-09T06:02:46Z
SYN-0081,Electrolyte Injection,sterile solution for injection,LINE-B,2024-12-25T07:00:00Z,2024-12-25T17:17:13Z,released,released,2025-01-09T15:10:41Z,2025-01-11T01:52:31Z
SYN-0082,"Famotidine Injection, USP",sterile solution for injection,LINE-A,2024-12-29T07:00:00Z,2024-12-29T15:04:20Z,released,released,2025-01-12T22:17:37Z,2025-01-15T11:09:59Z
SYN-0083,Electrolyte Injection,sterile solution for injection,LINE-C,2025-01-02T07:00:00Z,2025-01-02T14:33:51Z,released,released,2025-01-17T09:09:38Z,2025-01-20T02:47:34Z
BATCH-084,"Famotidine Injection, USP",sterile solution for injection,LINE-A,2025-01-04T07:05:00Z,2025-01-04T15:11:25Z,released,released,2025-01-19T05:48:14Z,2025-02-04T00:00:00Z
SYN-0084,Ondansetron Injection,sterile solution for injection,LINE-A,2025-01-06T07:00:00Z,2025-01-06T14:55:09Z,released,released,2025-01-21T17:42:58Z,2025-01-25T04:49:58Z
SYN-0085,Electrolyte Injection,sterile solution for injection,LINE-A,2025-01-10T07:00:00Z,2025-01-10T16:06:20Z,released,released,2025-01-25T04:07:56Z,2025-01-28T02:36:37Z
SYN-0086,Saline Injection,sterile solution for injection,LINE-B,2025-01-14T07:00:00Z,2025-01-14T15:56:51Z,released,released,2025-01-29T11:12:11Z,2025-02-01T04:13:17Z
SYN-0087,Heparin Sodium Injection,sterile solution for injection,LINE-A,2025-01-18T07:00:00Z,2025-01-18T17:28:23Z,released,released,2025-02-02T08:03:24Z,2025-02-06T04:21:43Z
SYN-0088,"Famotidine Injection, USP",sterile solution for injection,LINE-A,2025-01-22T07:00:00Z,2025-01-22T16:46:28Z,released,released,2025-02-06T08:02:51Z,2025-02-09T00:01:55Z
SYN-0089,Saline Injection,sterile solution for injection,LINE-C,2025-01-26T07:00:00Z,2025-01-26T15:55:31Z,released,released,2025-02-09T23:46:47Z,2025-02-11T11:53:30Z
SYN-0090,"Famotidine Injection, USP",sterile solution for injection,LINE-C,2025-01-30T07:00:00Z,2025-01-30T17:04:30Z,released,released,2025-02-14T17:27:31Z,2025-02-16T22:04:06Z
SYN-0091,Ondansetron Injection,sterile solution for injection,LINE-A,2025-02-03T07:00:00Z,2025-02-03T16:45:56Z,released,released,2025-02-18T16:12:37Z,2025-02-22T06:20:29Z
SYN-0092,Saline Injection,sterile solution for injection,LINE-A,2025-02-07T07:00:00Z,2025-02-07T16:18:02Z,released,released,2025-02-22T15:18:12Z,2025-02-26T04:11:25Z
SYN-0093,Ondansetron Injection,sterile solution for injection,LINE-A,2025-02-11T07:00:00Z,2025-02-11T16:15:41Z,released,released,2025-02-26T11:21:58Z,2025-03-02T06:54:31Z
SYN-0094,Heparin Sodium Injection,sterile solution for injection,LINE-B,2025-02-15T07:00:00Z,2025-02-15T16:15:33Z,released,released,2025-03-02T12:31:41Z,2025-03-03T14:47:20Z
SYN-0095,Saline Injection,sterile solution for injection,LINE-B,2025-02-19T07:00:00Z,2025-02-19T15:50:27Z,released,released,2025-03-06T18:34:02Z,2025-03-09T20:26:53Z
SYN-0096,Ondansetron Injection,sterile solution for injection,LINE-A,2025-02-23T07:00:00Z,2025-02-23T16:01:06Z,released,released,2025-03-10T13:39:29Z,2025-03-13T23:39:17Z
SYN-0097,Saline Injection,sterile solution for injection,LINE-A,2025-02-27T07:00:00Z,2025-02-27T15:11:29Z,released,released,2025-03-14T19:10:14Z,2025-03-16T14:38:47Z
BATCH-099,"Famotidine Injection, USP",sterile solution for injection,LINE-A,2025-03-12T06:55:00Z,2025-03-12T16:55:12Z,released,released,2025-03-27T08:52:04Z,2025-04-15T00:00:00Z
