deviation_id,batch_id,opened_at,closed_at,category,severity,description,investigation_status,root_cause,capa,recurrence_flag,public_or_synthetic
DEV-0001,SYN-0013,2024-03-28T12:38:00Z,2024-03-30T12:20:00Z,procedure,low,Deviation opened for proportional investigation and local assessment.,closed,isolated execution variance,local coaching,0,synthetic
DEV-0002,SYN-0062,2024-10-10T12:38:00Z,2024-10-12T12:20:00Z,procedure,low,Deviation opened for proportional investigation and local assessment.,closed,isolated execution variance,local coaching,0,synthetic
DEV-0003,BATCH-075,2024-12-01T12:18:00Z,,microbiology,high,Deviation opened for an action-level upstream microbiological signal.,open,,,0,synthetic
DEV-0004,SYN-0077,2024-12-09T12:38:00Z,2024-12-11T12:20:00Z,procedure,low,Deviation opened for proportional investigation and local assessment.,closed,isolated execution variance,local coaching,0,synthetic
DEV-0005,BATCH-084,2025-01-04T12:43:00Z,,microbiology,high,Deviation opened for an action-level upstream microbiological signal.,open,,,0,synthetic
DEV-0006,SYN-0084,2025-01-06T12:38:00Z,2025-01-08T12:20:00Z,procedure,low,Deviation opened for proportional investigation and local assessment.,closed,isolated execution variance,local coaching,0,synthetic
DEV-0007,SYN-0090,2025-01-30T12:38:00Z,,equipment,low,Deviation opened for proportional investigation and local assessment.,open,not confirmed,inspection frequency increased,0,synthetic
DEV-0008,SYN-0091,2025-02-03T12:38:00Z,,procedure,high,Deviation opened for proportional investigation and local assessment.,open,not confirmed,inspection frequency increased,1,synthetic
DEV-0009,BATCH-099,2025-03-12T12:33:00Z,,microbiology,high,Deviation opened for an action-level upstream microbiological signal.,open,,,0,synthetic
