sample_id,batch_id,timestamp,location,sample_type,result,alert_limit,action_limit,organism,status
EM-0001,SYN-0001,2024-02-09T11:10:00Z,process support area,relative microbial environmental signal,0.0875,0.7,1.0,,normal
EM-0002,SYN-0002,2024-02-13T11:10:00Z,process support area,relative microbial environmental signal,0.0971,0.7,1.0,,normal
EM-0003,SYN-0003,2024-02-17T11:10:00Z,process support area,relative microbial environmental signal,0.1656,0.7,1.0,,normal
EM-0004,SYN-0004,2024-02-21T11:10:00Z,process support area,relative microbial environmental signal,0.2122,0.7,1.0,,normal
EM-0005,SYN-0005,2024-02-25T11:10:00Z,process support area,relative microbial environmental signal,0.0543,0.7,1.0,,normal
EM-0006,SYN-0006,2024-02-29T11:10:00Z,process support area,relative microbial environmental signal,0.0725,0.7,1.0,,normal
EM-0007,SYN-0007,2024-03-04T11:10:00Z,process support area,relative microbial environmental signal,0.1698,0.7,1.0,,normal
EM-0008,SYN-0008,2024-03-08T11:10:00Z,process support area,relative microbial environmental signal,0.0719,0.7,1.0,,normal
EM-0009,SYN-0009,2024-03-12T11:10:00Z,process support area,relative microbial environmental signal,0.0366,0.7,1.0,,normal
EM-0010,SYN-0010,2024-03-16T11:10:00Z,process support area,relative microbial environmental signal,0.0906,0.7,1.0,,normal
EM-0011,SYN-0011,2024-03-20T11:10:00Z,process support area,relative microbial environmental signal,0.1206,0.7,1.0,,normal
EM-0012,SYN-0012,2024-03-24T11:10:00Z,process support area,relative microbial environmental signal,0.0908,0.7,1.0,,normal
EM-0013,SYN-0013,2024-03-28T11:10:00Z,process support area,relative microbial environmental signal,0.0403,0.7,1.0,,normal
EM-0014,SYN-0014,2024-04-01T11:10:00Z,process support area,relative microbial environmental signal,0.0713,0.7,1.0,,normal
EM-0015,SYN-0015,2024-04-05T11:10:00Z,process support area,relative microbial environmental signal,0.0755,0.7,1.0,,normal
EM-0016,SYN-0016,2024-04-09T11:10:00Z,process support area,relative microbial environmental signal,0.1636,0.7,1.0,,normal
EM-0017,SYN-0017,2024-04-13T11:10:00Z,process support area,relative microbial environmental signal,0.0733,0.7,1.0,,normal
EM-0018,SYN-0018,2024-04-17T11:10:00Z,process support area,relative microbial environmental signal,0.7743,0.7,1.0,,alert
EM-0019,SYN-0019,2024-04-21T11:10:00Z,process support area,relative microbial environmental signal,0.0952,0.7,1.0,,normal
EM-0020,SYN-0020,2024-04-25T11:10:00Z,process support area,relative microbial environmental signal,0.1658,0.7,1.0,,normal
EM-0021,SYN-0021,2024-04-29T11:10:00Z,process support area,relative microbial environmental signal,0.0839,0.7,1.0,,normal
EM-0022,SYN-0022,2024-05-03T11:10:00Z,process support area,relative microbial environmental signal,0.1303,0.7,1.0,,normal
EM-0023,SYN-0023,2024-05-07T11:10:00Z,process support area,relative microbial environmental signal,0.1324,0.7,1.0,,normal
EM-0024,SYN-0024,2024-05-11T11:10:00Z,process support area,relative microbial environmental signal,0.1769,0.7,1.0,,normal
EM-0025,SYN-0025,2024-05-15T11:10:00Z,process support area,relative microbial environmental signal,0.1513,0.7,1.0,,normal
EM-0026,SYN-0026,2024-05-19T11:10:00Z,process support area,relative microbial environmental signal,0.0891,0.7,1.0,,normal
EM-0027,SYN-0027,2024-05-23T11:10:00Z,process support area,relative microbial environmental signal,0.0807,0.7,1.0,,normal
EM-0028,SYN-0028,2024-05-27T11:10:00Z,process support area,relative microbial environmental signal,0.1314,0.7,1.0,,normal
EM-0029,SYN-0029,2024-05-31T11:10:00Z,process support area,relative microbial environmental signal,0.8183,0.7,1.0,,alert
EM-0030,SYN-0030,2024-06-04T11:10:00Z,process support area,relative microbial environmental signal,0.0616,0.7,1.0,,normal
EM-0031,SYN-0031,2024-06-08T11:10:00Z,process support area,relative microbial environmental signal,0.1067,0.7,1.0,,normal
EM-0032,SYN-0032,2024-06-12T11:10:00Z,process support area,relative microbial environmental signal,0.8111,0.7,1.0,,alert
EM-0033,SYN-0033,2024-06-16T11:10:00Z,process support area,relative microbial environmental signal,0.0766,0.7,1.0,,normal
EM-0034,SYN-0034,2024-06-20T11:10:00Z,process support area,relative microbial environmental signal,0.1051,0.7,1.0,,normal
EM-0035,SYN-0035,2024-06-24T11:10:00Z,process support area,relative microbial environmental signal,0.0916,0.7,1.0,,normal
EM-0036,SYN-0036,2024-06-28T11:10:00Z,process support area,relative microbial environmental signal,0.045,0.7,1.0,,normal
EM-0037,SYN-0037,2024-07-02T11:10:00Z,process support area,relative microbial environmental signal,0.1841,0.7,1.0,,normal
EM-0038,SYN-0038,2024-07-06T11:10:00Z,process support area,relative microbial environmental signal,0.0989,0.7,1.0,,normal
EM-0039,SYN-0039,2024-07-10T11:10:00Z,process support area,relative microbial environmental signal,0.1254,0.7,1.0,,normal
EM-0040,SYN-0040,2024-07-14T11:10:00Z,process support area,relative microbial environmental signal,0.2711,0.7,1.0,,normal
EM-0041,SYN-0041,2024-07-18T11:10:00Z,process support area,relative microbial environmental signal,0.3058,0.7,1.0,,normal
EM-0042,SYN-0042,2024-07-22T11:10:00Z,process support area,relative microbial environmental signal,0.068,0.7,1.0,,normal
EM-0043,SYN-0043,2024-07-26T11:10:00Z,process support area,relative microbial environmental signal,0.089,0.7,1.0,,normal
EM-0044,SYN-0044,2024-07-30T11:10:00Z,process support area,relative microbial environmental signal,0.099,0.7,1.0,,normal
EM-0045,SYN-0045,2024-08-03T11:10:00Z,process support area,relative microbial environmental signal,0.0803,0.7,1.0,,normal
EM-0046,SYN-0046,2024-08-07T11:10:00Z,process support area,relative microbial environmental signal,0.0594,0.7,1.0,,normal
EM-0047,SYN-0047,2024-08-11T11:10:00Z,process support area,relative microbial environmental signal,0.1645,0.7,1.0,,normal
EM-0048,SYN-0048,2024-08-15T11:10:00Z,process support area,relative microbial environmental signal,0.1364,0.7,1.0,,normal
EM-0049,SYN-0049,2024-08-19T11:10:00Z,process support area,relative microbial environmental signal,0.121,0.7,1.0,,normal
EM-0050,SYN-0050,2024-08-23T11:10:00Z,process support area,relative microbial environmental signal,0.0947,0.7,1.0,,normal
EM-0051,SYN-0051,2024-08-27T11:10:00Z,process support area,relative microbial environmental signal,0.141,0.7,1.0,,normal
EM-0052,SYN-0052,2024-08-31T11:10:00Z,process support area,relative microbial environmental signal,0.2222,0.7,1.0,,normal
EM-0053,SYN-0053,2024-09-04T11:10:00Z,process support area,relative microbial environmental signal,0.0783,0.7,1.0,,normal
EM-0054,SYN-0054,2024-09-08T11:10:00Z,process support area,relative microbial environmental signal,0.1215,0.7,1.0,,normal
EM-0055,SYN-0055,2024-09-12T11:10:00Z,process support area,relative microbial environmental signal,0.1109,0.7,1.0,,normal
EM-0056,SYN-0056,2024-09-16T11:10:00Z,process support area,relative microbial environmental signal,0.1216,0.7,1.0,,normal
EM-0057,SYN-0057,2024-09-20T11:10:00Z,process support area,relative microbial environmental signal,0.1705,0.7,1.0,,normal
EM-0058,SYN-0058,2024-09-24T11:10:00Z,process support area,relative microbial environmental signal,0.1051,0.7,1.0,,normal
EM-0059,SYN-0059,2024-09-28T11:10:00Z,process support area,relative microbial environmental signal,0.0606,0.7,1.0,,normal
EM-0060,SYN-0060,2024-10-02T11:10:00Z,process support area,relative microbial environmental signal,0.0584,0.7,1.0,,normal
EM-0061,SYN-0061,2024-10-06T11:10:00Z,process support area,relative microbial environmental signal,0.0866,0.7,1.0,,normal
EM-0062,SYN-0062,2024-10-10T11:10:00Z,process support area,relative microbial environmental signal,0.1246,0.7,1.0,,normal
EM-0063,SYN-0063,2024-10-14T11:10:00Z,process support area,relative microbial environmental signal,0.1274,0.7,1.0,,normal
EM-0064,SYN-0064,2024-10-18T11:10:00Z,process support area,relative microbial environmental signal,0.1986,0.7,1.0,,normal
EM-0065,SYN-0065,2024-10-22T11:10:00Z,process support area,relative microbial environmental signal,0.1276,0.7,1.0,,normal
EM-0066,SYN-0066,2024-10-26T11:10:00Z,process support area,relative microbial environmental signal,0.1511,0.7,1.0,,normal
EM-0067,SYN-0067,2024-10-30T11:10:00Z,process support area,relative microbial environmental signal,0.1669,0.7,1.0,,normal
EM-0068,SYN-0068,2024-11-03T11:10:00Z,process support area,relative microbial environmental signal,0.1767,0.7,1.0,,normal
EM-0069,SYN-0069,2024-11-07T11:10:00Z,process support area,relative microbial environmental signal,0.0766,0.7,1.0,,normal
EM-0070,SYN-0070,2024-11-11T11:10:00Z,process support area,relative microbial environmental signal,0.1563,0.7,1.0,,normal
EM-0071,SYN-0071,2024-11-15T11:10:00Z,process support area,relative microbial environmental signal,0.0604,0.7,1.0,,normal
EM-0072,SYN-0072,2024-11-19T11:10:00Z,process support area,relative microbial environmental signal,0.0633,0.7,1.0,,normal
EM-0073,SYN-0073,2024-11-23T11:10:00Z,process support area,relative microbial environmental signal,0.1006,0.7,1.0,,normal
EM-0074,SYN-0074,2024-11-27T11:10:00Z,process support area,relative microbial environmental signal,0.0838,0.7,1.0,,normal
EM-0075,BATCH-075,2024-12-01T10:50:00Z,process support area,relative microbial environmental signal,0.71,0.7,1.0,,alert
EM-0076,SYN-0075,2024-12-02T11:10:00Z,process support area,relative microbial environmental signal,0.0599,0.7,1.0,,normal
EM-0077,SYN-0076,2024-12-05T11:10:00Z,process support area,relative microbial environmental signal,0.1406,0.7,1.0,,normal
EM-0078,SYN-0077,2024-12-09T11:10:00Z,process support area,relative microbial environmental signal,0.1013,0.7,1.0,,normal
EM-0079,SYN-0078,2024-12-13T11:10:00Z,process support area,relative microbial environmental signal,0.2106,0.7,1.0,,normal
EM-0080,SYN-0079,2024-12-17T11:10:00Z,process support area,relative microbial environmental signal,0.1896,0.7,1.0,,normal
EM-0081,SYN-0080,2024-12-21T11:10:00Z,process support area,relative microbial environmental signal,0.0903,0.7,1.0,,normal
EM-0082,SYN-0081,2024-12-25T11:10:00Z,process support area,relative microbial environmental signal,0.1099,0.7,1.0,,normal
EM-0083,SYN-0082,2024-12-29T11:10:00Z,process support area,relative microbial environmental signal,0.1366,0.7,1.0,,normal
EM-0084,SYN-0083,2025-01-02T11:10:00Z,process support area,relative microbial environmental signal,0.1118,0.7,1.0,,normal
EM-0085,BATCH-084,2025-01-04T11:15:00Z,process support area,relative microbial environmental signal,0.86,0.7,1.0,,alert
EM-0086,SYN-0084,2025-01-06T11:10:00Z,process support area,relative microbial environmental signal,0.0895,0.7,1.0,,normal
EM-0087,SYN-0085,2025-01-10T11:10:00Z,process support area,relative microbial environmental signal,0.0903,0.7,1.0,,normal
EM-0088,SYN-0086,2025-01-14T11:10:00Z,process support area,relative microbial environmental signal,0.0592,0.7,1.0,,normal
EM-0089,SYN-0087,2025-01-18T11:10:00Z,process support area,relative microbial environmental signal,0.133,0.7,1.0,,normal
EM-0090,SYN-0088,2025-01-22T11:10:00Z,process support area,relative microbial environmental signal,0.2418,0.7,1.0,,normal
EM-0091,SYN-0089,2025-01-26T11:10:00Z,process support area,relative microbial environmental signal,0.1335,0.7,1.0,,normal
EM-0092,SYN-0090,2025-01-30T11:10:00Z,process support area,relative microbial environmental signal,0.1875,0.7,1.0,,normal
EM-0093,SYN-0091,2025-02-03T11:10:00Z,process support area,relative microbial environmental signal,0.0991,0.7,1.0,,normal
EM-0094,SYN-0092,2025-02-07T11:10:00Z,process support area,relative microbial environmental signal,0.0866,0.7,1.0,,normal
EM-0095,SYN-0093,2025-02-11T11:10:00Z,process support area,relative microbial environmental signal,0.0816,0.7,1.0,,normal
EM-0096,SYN-0094,2025-02-15T11:10:00Z,process support area,relative microbial environmental signal,0.2585,0.7,1.0,,normal
EM-0097,SYN-0095,2025-02-19T11:10:00Z,process support area,relative microbial environmental signal,0.0893,0.7,1.0,,normal
EM-0098,SYN-0096,2025-02-23T11:10:00Z,process support area,relative microbial environmental signal,0.071,0.7,1.0,,normal
EM-0099,SYN-0097,2025-02-27T11:10:00Z,process support area,relative microbial environmental signal,0.1141,0.7,1.0,,normal
EM-0100,BATCH-099,2025-03-12T11:05:00Z,process support area,relative microbial environmental signal,1.09,0.7,1.0,gram-negative morphology,action
