result_id,batch_id,timestamp,sample_collected_at,sample_type,test_name,numerical_result,categorical_result,unit,specification_limit,alert_limit,action_limit,status,organism,synthetic_reason
LAB-0001,SYN-0001,2024-02-09T12:20:00Z,2024-02-09T11:00:00Z,upstream process sample,relative_bioburden_signal,0.2303,,action-limit ratio,,0.7,1.0,normal,,normal model
LAB-0002,SYN-0001,2024-02-10T09:28:15Z,2024-02-09T15:28:15Z,finished product,relative_endotoxin_signal,0.2321,,specification ratio,1.0,,,pass,,normal model
LAB-0003,SYN-0001,2024-02-24T01:24:56Z,2024-02-09T15:28:15Z,finished product,sterility,,no growth,,,,,pass,,normal categorical release result
LAB-0004,SYN-0002,2024-02-13T12:20:00Z,2024-02-13T11:00:00Z,upstream process sample,relative_bioburden_signal,0.118,,action-limit ratio,,0.7,1.0,normal,,normal model
LAB-0005,SYN-0002,2024-02-14T09:27:30Z,2024-02-13T15:27:30Z,finished product,relative_endotoxin_signal,0.1169,,specification ratio,1.0,,,pass,,normal model
LAB-0006,SYN-0002,2024-02-27T23:34:04Z,2024-02-13T15:27:30Z,finished product,sterility,,no growth,,,,,pass,,normal categorical release result
LAB-0007,SYN-0003,2024-02-17T12:20:00Z,2024-02-17T11:00:00Z,upstream process sample,relative_bioburden_signal,0.1395,,action-limit ratio,,0.7,1.0,normal,,normal model
LAB-0008,SYN-0003,2024-02-18T10:50:49Z,2024-02-17T16:50:49Z,finished product,relative_endotoxin_signal,0.1355,,specification ratio,1.0,,,pass,,normal model
LAB-0009,SYN-0003,2024-03-03T04:19:05Z,2024-02-17T16:50:49Z,finished product,sterility,,no growth,,,,,pass,,normal categorical release result
LAB-0010,SYN-0004,2024-02-21T12:20:00Z,2024-02-21T11:00:00Z,upstream process sample,relative_bioburden_signal,1.08,,action-limit ratio,,0.7,1.0,action,,isolated negative-control action excursion
LAB-0011,SYN-0004,2024-02-22T11:12:55Z,2024-02-21T17:12:55Z,finished product,relative_endotoxin_signal,0.1609,,specification ratio,1.0,,,pass,,normal model
LAB-0012,SYN-0004,2024-03-06T22:38:21Z,2024-02-21T17:12:55Z,finished product,sterility,,no growth,,,,,pass,,normal categorical release result
LAB-0013,SYN-0005,2024-02-25T12:20:00Z,2024-02-25T11:00:00Z,upstream process sample,relative_bioburden_signal,0.3921,,action-limit ratio,,0.7,1.0,normal,,normal model
LAB-0014,SYN-0005,2024-02-26T08:41:06Z,2024-02-25T14:41:06Z,finished product,relative_endotoxin_signal,0.1667,,specification ratio,1.0,,,pass,,normal model
LAB-0015,SYN-0005,2024-03-10T18:00:32Z,2024-02-25T14:41:06Z,finished product,sterility,,no growth,,,,,pass,,normal categorical release result
LAB-0016,SYN-0006,2024-02-29T12:20:00Z,2024-02-29T11:00:00Z,upstream process sample,relative_bioburden_signal,0.1952,,action-limit ratio,,0.7,1.0,normal,,normal model
LAB-0017,SYN-0006,2024-03-01T09:37:12Z,2024-02-29T15:37:12Z,finished product,relative_endotoxin_signal,0.1618,,specification ratio,1.0,,,pass,,normal model
LAB-0018,SYN-0006,2024-03-14T21:13:25Z,2024-02-29T15:37:12Z,finished product,sterility,,no growth,,,,,pass,,normal categorical release result
LAB-0019,SYN-0007,2024-03-04T12:20:00Z,2024-03-04T11:00:00Z,upstream process sample,relative_bioburden_signal,0.1643,,action-limit ratio,,0.7,1.0,normal,,normal model
LAB-0020,SYN-0007,2024-03-05T11:10:23Z,2024-03-04T17:10:23Z,finished product,relative_endotoxin_signal,0.1153,,specification ratio,1.0,,,pass,,normal model
LAB-0021,SYN-0007,2024-03-18T22:28:36Z,2024-03-04T17:10:23Z,finished product,sterility,,no growth,,,,,pass,,normal categorical release result
LAB-0022,SYN-0008,2024-03-08T12:20:00Z,2024-03-08T11:00:00Z,upstream process sample,relative_bioburden_signal,0.134,,action-limit ratio,,0.7,1.0,normal,,normal model
LAB-0023,SYN-0008,2024-03-09T10:47:48Z,2024-03-08T16:47:48Z,finished product,relative_endotoxin_signal,0.2168,,specification ratio,1.0,,,pass,,normal model
LAB-0024,SYN-0008,2024-03-23T03:30:18Z,2024-03-08T16:47:48Z,finished product,sterility,,no growth,,,,,pass,,normal categorical release result
LAB-0025,SYN-0009,2024-03-12T12:20:00Z,2024-03-12T11:00:00Z,upstream process sample,relative_bioburden_signal,0.1032,,action-limit ratio,,0.7,1.0,normal,,normal model
LAB-0026,SYN-0009,2024-03-13T09:19:16Z,2024-03-12T15:19:16Z,finished product,relative_endotoxin_signal,0.1762,,specification ratio,1.0,,,pass,,normal model
LAB-0027,SYN-0009,2024-03-26T16:41:08Z,2024-03-12T15:19:16Z,finished product,sterility,,no growth,,,,,pass,,normal categorical release result
LAB-0028,SYN-0010,2024-03-16T12:20:00Z,2024-03-16T11:00:00Z,upstream process sample,relative_bioburden_signal,0.2129,,action-limit ratio,,0.7,1.0,normal,,normal model
LAB-0029,SYN-0010,2024-03-17T10:46:36Z,2024-03-16T16:46:36Z,finished product,relative_endotoxin_signal,0.2273,,specification ratio,1.0,,,pass,,normal model
LAB-0030,SYN-0010,2024-03-30T21:46:53Z,2024-03-16T16:46:36Z,finished product,sterility,,no growth,,,,,pass,,normal categorical release result
LAB-0031,SYN-0011,2024-03-20T12:20:00Z,2024-03-20T11:00:00Z,upstream process sample,relative_bioburden_signal,0.3955,,action-limit ratio,,0.7,1.0,normal,,normal model
LAB-0032,SYN-0011,2024-03-21T10:29:05Z,2024-03-20T16:29:05Z,finished product,relative_endotoxin_signal,0.2532,,specification ratio,1.0,,,pass,,normal model
LAB-0033,SYN-0011,2024-04-03T18:54:21Z,2024-03-20T16:29:05Z,finished product,sterility,,no growth,,,,,pass,,normal categorical release result
LAB-0034,SYN-0012,2024-03-24T12:20:00Z,2024-03-24T11:00:00Z,upstream process sample,relative_bioburden_signal,0.1291,,action-limit ratio,,0.7,1.0,normal,,normal model
LAB-0035,SYN-0012,2024-03-25T10:33:59Z,2024-03-24T16:33:59Z,finished product,relative_endotoxin_signal,0.2334,,specification ratio,1.0,,,pass,,normal model
LAB-0036,SYN-0012,2024-04-07T23:10:54Z,2024-03-24T16:33:59Z,finished product,sterility,,no growth,,,,,pass,,normal categorical release result
LAB-0037,SYN-0013,2024-03-28T12:20:00Z,2024-03-28T11:00:00Z,upstream process sample,relative_bioburden_signal,0.2196,,action-limit ratio,,0.7,1.0,normal,,normal model
LAB-0038,SYN-0013,2024-03-29T10:08:21Z,2024-03-28T16:08:21Z,finished product,relative_endotoxin_signal,0.1548,,specification ratio,1.0,,,pass,,normal model
LAB-0039,SYN-0013,2024-04-12T01:30:48Z,2024-03-28T16:08:21Z,finished product,sterility,,no growth,,,,,pass,,normal categorical release result
LAB-0040,SYN-0014,2024-04-01T12:20:00Z,2024-04-01T11:00:00Z,upstream process sample,relative_bioburden_signal,0.8974,,action-limit ratio,,0.7,1.0,alert,,negative-control alert
LAB-0041,SYN-0014,2024-04-02T10:22:24Z,2024-04-01T16:22:24Z,finished product,relative_endotoxin_signal,0.148,,specification ratio,1.0,,,pass,,normal model
LAB-0042,SYN-0014,2024-04-15T21:25:11Z,2024-04-01T16:22:24Z,finished product,sterility,,no growth,,,,,pass,,normal categorical release result
LAB-0043,SYN-0014,2024-04-01T14:20:00Z,2024-04-01T13:20:00Z,upstream process sample repeat,relative_bioburden_signal,1.06,,action-limit ratio,,0.7,1.0,invalidated,,synthetic failed sample followed by documented laboratory invalidation and passing resample
LAB-0044,SYN-0014,2024-04-01T17:20:00Z,2024-04-01T16:20:00Z,upstream process sample resample,relative_bioburden_signal,0.22,,action-limit ratio,,0.7,1.0,normal,,justified synthetic resample after invalidated sample
LAB-0045,SYN-0015,2024-04-05T12:20:00Z,2024-04-05T11:00:00Z,upstream process sample,relative_bioburden_signal,0.7862,,action-limit ratio,,0.7,1.0,alert,,negative-control alert
LAB-0046,SYN-0015,2024-04-06T09:21:20Z,2024-04-05T15:21:20Z,finished product,relative_endotoxin_signal,0.2948,,specification ratio,1.0,,,pass,,normal model
LAB-0047,SYN-0015,2024-04-19T23:50:34Z,2024-04-05T15:21:20Z,finished product,sterility,,no growth,,,,,pass,,normal categorical release result
LAB-0048,SYN-0016,2024-04-09T12:20:00Z,2024-04-09T11:00:00Z,upstream process sample,relative_bioburden_signal,0.2064,,action-limit ratio,,0.7,1.0,normal,,normal model
LAB-0049,SYN-0016,2024-04-10T10:11:35Z,2024-04-09T16:11:35Z,finished product,relative_endotoxin_signal,0.1279,,specification ratio,1.0,,,pass,,normal model
LAB-0050,SYN-0016,2024-04-24T00:12:22Z,2024-04-09T16:11:35Z,finished product,sterility,,no growth,,,,,pass,,normal categorical release result
LAB-0051,SYN-0017,2024-04-13T12:20:00Z,2024-04-13T11:00:00Z,upstream process sample,relative_bioburden_signal,0.1713,,action-limit ratio,,0.7,1.0,normal,,normal model
LAB-0052,SYN-0017,2024-04-14T10:55:56Z,2024-04-13T16:55:56Z,finished product,relative_endotoxin_signal,0.1667,,specification ratio,1.0,,,pass,,normal model
LAB-0053,SYN-0017,2024-04-28T02:03:01Z,2024-04-13T16:55:56Z,finished product,sterility,,no growth,,,,,pass,,normal categorical release result
LAB-0054,SYN-0018,2024-04-17T12:20:00Z,2024-04-17T11:00:00Z,upstream process sample,relative_bioburden_signal,0.7829,,action-limit ratio,,0.7,1.0,alert,,negative-control alert
LAB-0055,SYN-0018,2024-04-18T09:20:08Z,2024-04-17T15:20:08Z,finished product,relative_endotoxin_signal,0.1387,,specification ratio,1.0,,,pass,,normal model
LAB-0056,SYN-0018,2024-05-02T00:04:47Z,2024-04-17T15:20:08Z,finished product,sterility,,no growth,,,,,pass,,normal categorical release result
LAB-0057,SYN-0019,2024-04-21T12:20:00Z,2024-04-21T11:00:00Z,upstream process sample,relative_bioburden_signal,0.1242,,action-limit ratio,,0.7,1.0,normal,,normal model
LAB-0058,SYN-0019,2024-04-22T09:21:47Z,2024-04-21T15:21:47Z,finished product,relative_endotoxin_signal,0.1712,,specification ratio,1.0,,,pass,,normal model
LAB-0059,SYN-0019,2024-05-05T16:46:57Z,2024-04-21T15:21:47Z,finished product,sterility,,no growth,,,,,pass,,normal categorical release result
LAB-0060,SYN-0020,2024-04-25T12:20:00Z,2024-04-25T11:00:00Z,upstream process sample,relative_bioburden_signal,0.1148,,action-limit ratio,,0.7,1.0,normal,,normal model
LAB-0061,SYN-0020,2024-04-26T11:02:24Z,2024-04-25T17:02:24Z,finished product,relative_endotoxin_signal,0.13,,specification ratio,1.0,,,pass,,normal model
LAB-0062,SYN-0020,2024-05-10T03:40:30Z,2024-04-25T17:02:24Z,finished product,sterility,,no growth,,,,,pass,,normal categorical release result
LAB-0063,SYN-0021,2024-04-29T12:20:00Z,2024-04-29T11:00:00Z,upstream process sample,relative_bioburden_signal,0.313,,action-limit ratio,,0.7,1.0,normal,,normal model
LAB-0064,SYN-0021,2024-04-30T10:11:54Z,2024-04-29T16:11:54Z,finished product,relative_endotoxin_signal,0.1557,,specification ratio,1.0,,,pass,,normal model
LAB-0065,SYN-0021,2024-05-13T19:21:31Z,2024-04-29T16:11:54Z,finished product,sterility,,no growth,,,,,pass,,normal categorical release result
LAB-0066,SYN-0022,2024-05-03T12:20:00Z,2024-05-03T11:00:00Z,upstream process sample,relative_bioburden_signal,0.1965,,action-limit ratio,,0.7,1.0,normal,,normal model
LAB-0067,SYN-0022,2024-05-04T08:55:40Z,2024-05-03T14:55:40Z,finished product,relative_endotoxin_signal,0.1369,,specification ratio,1.0,,,pass,,normal model
LAB-0068,SYN-0022,2024-05-17T21:52:04Z,2024-05-03T14:55:40Z,finished product,sterility,,no growth,,,,,pass,,normal categorical release result
LAB-0069,SYN-0023,2024-05-07T12:20:00Z,2024-05-07T11:00:00Z,upstream process sample,relative_bioburden_signal,0.1589,,action-limit ratio,,0.7,1.0,normal,,normal model
LAB-0070,SYN-0023,2024-05-08T10:47:42Z,2024-05-07T16:47:42Z,finished product,relative_endotoxin_signal,0.1265,,specification ratio,1.0,,,pass,,normal model
LAB-0071,SYN-0023,2024-05-21T19:26:19Z,2024-05-07T16:47:42Z,finished product,sterility,,no growth,,,,,pass,,normal categorical release result
LAB-0072,SYN-0024,2024-05-11T12:20:00Z,2024-05-11T11:00:00Z,upstream process sample,relative_bioburden_signal,0.1748,,action-limit ratio,,0.7,1.0,normal,,normal model
LAB-0073,SYN-0024,2024-05-12T09:41:42Z,2024-05-11T15:41:42Z,finished product,relative_endotoxin_signal,0.1559,,specification ratio,1.0,,,pass,,normal model
LAB-0074,SYN-0024,2024-05-25T20:06:13Z,2024-05-11T15:41:42Z,finished product,sterility,,no growth,,,,,pass,,normal categorical release result
LAB-0075,SYN-0025,2024-05-15T12:20:00Z,2024-05-15T11:00:00Z,upstream process sample,relative_bioburden_signal,0.1085,,action-limit ratio,,0.7,1.0,normal,,normal model
LAB-0076,SYN-0025,2024-05-16T10:10:54Z,2024-05-15T16:10:54Z,finished product,relative_endotoxin_signal,0.1161,,specification ratio,1.0,,,pass,,normal model
LAB-0077,SYN-0025,2024-05-29T19:50:38Z,2024-05-15T16:10:54Z,finished product,sterility,,no growth,,,,,pass,,normal categorical release result
LAB-0078,SYN-0026,2024-05-19T12:20:00Z,2024-05-19T11:00:00Z,upstream process sample,relative_bioburden_signal,0.254,,action-limit ratio,,0.7,1.0,normal,,normal model
LAB-0079,SYN-0026,2024-05-20T10:03:25Z,2024-05-19T16:03:25Z,finished product,relative_endotoxin_signal,0.1582,,specification ratio,1.0,,,pass,,normal model
LAB-0080,SYN-0026,2024-06-03T00:25:05Z,2024-05-19T16:03:25Z,finished product,sterility,,no growth,,,,,pass,,normal categorical release result
LAB-0081,SYN-0027,2024-05-23T12:20:00Z,2024-05-23T11:00:00Z,upstream process sample,relative_bioburden_signal,0.2,,action-limit ratio,,0.7,1.0,normal,,normal model
LAB-0082,SYN-0027,2024-05-24T10:19:32Z,2024-05-23T16:19:32Z,finished product,relative_endotoxin_signal,0.1659,,specification ratio,1.0,,,pass,,normal model
LAB-0083,SYN-0027,2024-06-06T20:16:20Z,2024-05-23T16:19:32Z,finished product,sterility,,no growth,,,,,pass,,normal categorical release result
LAB-0084,SYN-0028,2024-05-27T12:20:00Z,2024-05-27T11:00:00Z,upstream process sample,relative_bioburden_signal,0.2868,,action-limit ratio,,0.7,1.0,normal,,normal model
LAB-0085,SYN-0028,2024-05-28T09:21:47Z,2024-05-27T15:21:47Z,finished product,relative_endotoxin_signal,0.1023,,specification ratio,1.0,,,pass,,normal model
LAB-0086,SYN-0028,2024-06-11T02:02:43Z,2024-05-27T15:21:47Z,finished product,sterility,,no growth,,,,,pass,,normal categorical release result
LAB-0087,SYN-0029,2024-05-31T12:20:00Z,2024-05-31T11:00:00Z,upstream process sample,relative_bioburden_signal,0.8597,,action-limit ratio,,0.7,1.0,alert,,negative-control alert
LAB-0088,SYN-0029,2024-06-01T09:33:27Z,2024-05-31T15:33:27Z,finished product,relative_endotoxin_signal,0.1022,,specification ratio,1.0,,,pass,,normal model
LAB-0089,SYN-0029,2024-06-14T16:35:08Z,2024-05-31T15:33:27Z,finished product,sterility,,no growth,,,,,pass,,normal categorical release result
LAB-0090,SYN-0030,2024-06-04T12:20:00Z,2024-06-04T11:00:00Z,upstream process sample,relative_bioburden_signal,0.275,,action-limit ratio,,0.7,1.0,normal,,normal model
LAB-0091,SYN-0030,2024-06-05T10:36:04Z,2024-06-04T16:36:04Z,finished product,relative_endotoxin_signal,0.1845,,specification ratio,1.0,,,pass,,normal model
LAB-0092,SYN-0030,2024-06-18T17:44:44Z,2024-06-04T16:36:04Z,finished product,sterility,,no growth,,,,,pass,,normal categorical release result
LAB-0093,SYN-0031,2024-06-08T12:20:00Z,2024-06-08T11:00:00Z,upstream process sample,relative_bioburden_signal,0.1164,,action-limit ratio,,0.7,1.0,normal,,normal model
LAB-0094,SYN-0031,2024-06-09T10:01:38Z,2024-06-08T16:01:38Z,finished product,relative_endotoxin_signal,0.1553,,specification ratio,1.0,,,pass,,normal model
LAB-0095,SYN-0031,2024-06-22T22:42:50Z,2024-06-08T16:01:38Z,finished product,sterility,,no growth,,,,,pass,,normal categorical release result
LAB-0096,SYN-0032,2024-06-12T12:20:00Z,2024-06-12T11:00:00Z,upstream process sample,relative_bioburden_signal,0.8396,,action-limit ratio,,0.7,1.0,alert,,negative-control alert
LAB-0097,SYN-0032,2024-06-13T11:12:27Z,2024-06-12T17:12:27Z,finished product,relative_endotoxin_signal,0.1308,,specification ratio,1.0,,,pass,,normal model
LAB-0098,SYN-0032,2024-06-27T04:00:02Z,2024-06-12T17:12:27Z,finished product,sterility,,no growth,,,,,pass,,normal categorical release result
LAB-0099,SYN-0033,2024-06-16T12:20:00Z,2024-06-16T11:00:00Z,upstream process sample,relative_bioburden_signal,0.2768,,action-limit ratio,,0.7,1.0,normal,,normal model
LAB-0100,SYN-0033,2024-06-17T10:09:30Z,2024-06-16T16:09:30Z,finished product,relative_endotoxin_signal,0.1499,,specification ratio,1.0,,,pass,,normal model
LAB-0101,SYN-0033,2024-06-30T21:03:31Z,2024-06-16T16:09:30Z,finished product,sterility,,no growth,,,,,pass,,normal categorical release result
LAB-0102,SYN-0034,2024-06-20T12:20:00Z,2024-06-20T11:00:00Z,upstream process sample,relative_bioburden_signal,0.3442,,action-limit ratio,,0.7,1.0,normal,,normal model
LAB-0103,SYN-0034,2024-06-21T09:19:17Z,2024-06-20T15:19:17Z,finished product,relative_endotoxin_signal,0.2043,,specification ratio,1.0,,,pass,,normal model
LAB-0104,SYN-0034,2024-07-05T02:47:37Z,2024-06-20T15:19:17Z,finished product,sterility,,no growth,,,,,pass,,normal categorical release result
LAB-0105,SYN-0035,2024-06-24T12:20:00Z,2024-06-24T11:00:00Z,upstream process sample,relative_bioburden_signal,0.1233,,action-limit ratio,,0.7,1.0,normal,,normal model
LAB-0106,SYN-0035,2024-06-25T09:45:59Z,2024-06-24T15:45:59Z,finished product,relative_endotoxin_signal,0.1842,,specification ratio,1.0,,,pass,,normal model
LAB-0107,SYN-0035,2024-07-08T18:03:17Z,2024-06-24T15:45:59Z,finished product,sterility,,no growth,,,,,pass,,normal categorical release result
LAB-0108,SYN-0036,2024-06-28T12:20:00Z,2024-06-28T11:00:00Z,upstream process sample,relative_bioburden_signal,0.7751,,action-limit ratio,,0.7,1.0,alert,,negative-control alert
LAB-0109,SYN-0036,2024-06-29T09:45:34Z,2024-06-28T15:45:34Z,finished product,relative_endotoxin_signal,0.1307,,specification ratio,1.0,,,pass,,normal model
LAB-0110,SYN-0036,2024-07-12T16:44:43Z,2024-06-28T15:45:34Z,finished product,sterility,,no growth,,,,,pass,,normal categorical release result
LAB-0111,SYN-0037,2024-07-02T12:20:00Z,2024-07-02T11:00:00Z,upstream process sample,relative_bioburden_signal,0.0757,,action-limit ratio,,0.7,1.0,normal,,normal model
LAB-0112,SYN-0037,2024-07-03T10:15:00Z,2024-07-02T16:15:00Z,finished product,relative_endotoxin_signal,0.1602,,specification ratio,1.0,,,pass,,normal model
LAB-0113,SYN-0037,2024-07-17T00:52:22Z,2024-07-02T16:15:00Z,finished product,sterility,,no growth,,,,,pass,,normal categorical release result
LAB-0114,SYN-0038,2024-07-06T12:20:00Z,2024-07-06T11:00:00Z,upstream process sample,relative_bioburden_signal,0.1185,,action-limit ratio,,0.7,1.0,normal,,normal model
LAB-0115,SYN-0038,2024-07-07T09:12:42Z,2024-07-06T15:12:42Z,finished product,relative_endotoxin_signal,0.1179,,specification ratio,1.0,,,pass,,normal model
LAB-0116,SYN-0038,2024-07-21T01:12:29Z,2024-07-06T15:12:42Z,finished product,sterility,,no growth,,,,,pass,,normal categorical release result
LAB-0117,SYN-0039,2024-07-10T12:20:00Z,2024-07-10T11:00:00Z,upstream process sample,relative_bioburden_signal,0.132,,action-limit ratio,,0.7,1.0,normal,,normal model
LAB-0118,SYN-0039,2024-07-11T09:40:59Z,2024-07-10T15:40:59Z,finished product,relative_endotoxin_signal,0.2053,,specification ratio,1.0,,,pass,,normal model
LAB-0119,SYN-0039,2024-07-24T23:15:49Z,2024-07-10T15:40:59Z,finished product,sterility,,no growth,,,,,pass,,normal categorical release result
LAB-0120,SYN-0040,2024-07-14T12:20:00Z,2024-07-14T11:00:00Z,upstream process sample,relative_bioburden_signal,0.2878,,action-limit ratio,,0.7,1.0,normal,,normal model
LAB-0121,SYN-0040,2024-07-15T08:33:09Z,2024-07-14T14:33:09Z,finished product,relative_endotoxin_signal,0.1123,,specification ratio,1.0,,,pass,,normal model
LAB-0122,SYN-0040,2024-07-28T17:38:18Z,2024-07-14T14:33:09Z,finished product,sterility,,no growth,,,,,pass,,normal categorical release result
LAB-0123,SYN-0041,2024-07-18T12:20:00Z,2024-07-18T11:00:00Z,upstream process sample,relative_bioburden_signal,0.2316,,action-limit ratio,,0.7,1.0,normal,,normal model
LAB-0124,SYN-0041,2024-07-19T08:59:54Z,2024-07-18T14:59:54Z,finished product,relative_endotoxin_signal,0.1729,,specification ratio,1.0,,,pass,,normal model
LAB-0125,SYN-0041,2024-08-01T17:57:16Z,2024-07-18T14:59:54Z,finished product,sterility,,no growth,,,,,pass,,normal categorical release result
LAB-0126,SYN-0042,2024-07-22T12:20:00Z,2024-07-22T11:00:00Z,upstream process sample,relative_bioburden_signal,0.2561,,action-limit ratio,,0.7,1.0,normal,,normal model
LAB-0127,SYN-0042,2024-07-23T10:07:18Z,2024-07-22T16:07:18Z,finished product,relative_endotoxin_signal,0.1637,,specification ratio,1.0,,,pass,,normal model
LAB-0128,SYN-0042,2024-08-06T00:50:43Z,2024-07-22T16:07:18Z,finished product,sterility,,no growth,,,,,pass,,normal categorical release result
LAB-0129,SYN-0043,2024-07-26T12:20:00Z,2024-07-26T11:00:00Z,upstream process sample,relative_bioburden_signal,0.1499,,action-limit ratio,,0.7,1.0,normal,,normal model
LAB-0130,SYN-0043,2024-07-27T11:09:25Z,2024-07-26T17:09:25Z,finished product,relative_endotoxin_signal,0.1314,,specification ratio,1.0,,,pass,,normal model
LAB-0131,SYN-0043,2024-08-09T19:15:49Z,2024-07-26T17:09:25Z,finished product,sterility,,no growth,,,,,pass,,normal categorical release result
LAB-0132,SYN-0044,2024-07-30T12:20:00Z,2024-07-30T11:00:00Z,upstream process sample,relative_bioburden_signal,0.2242,,action-limit ratio,,0.7,1.0,normal,,normal model
LAB-0133,SYN-0044,2024-07-31T08:50:42Z,2024-07-30T14:50:42Z,finished product,relative_endotoxin_signal,0.1469,,specification ratio,1.0,,,pass,,normal model
LAB-0134,SYN-0044,2024-08-13T19:52:53Z,2024-07-30T14:50:42Z,finished product,sterility,,no growth,,,,,pass,,normal categorical release result
LAB-0135,SYN-0045,2024-08-03T12:20:00Z,2024-08-03T11:00:00Z,upstream process sample,relative_bioburden_signal,0.2039,,action-limit ratio,,0.7,1.0,normal,,normal model
LAB-0136,SYN-0045,2024-08-04T10:25:28Z,2024-08-03T16:25:28Z,finished product,relative_endotoxin_signal,0.2002,,specification ratio,1.0,,,pass,,normal model
LAB-0137,SYN-0045,2024-08-17T23:37:44Z,2024-08-03T16:25:28Z,finished product,sterility,,no growth,,,,,pass,,normal categorical release result
LAB-0138,SYN-0046,2024-08-07T12:20:00Z,2024-08-07T11:00:00Z,upstream process sample,relative_bioburden_signal,0.1927,,action-limit ratio,,0.7,1.0,normal,,normal model
LAB-0139,SYN-0046,2024-08-08T09:57:52Z,2024-08-07T15:57:52Z,finished product,relative_endotoxin_signal,0.1202,,specification ratio,1.0,,,pass,,normal model
LAB-0140,SYN-0046,2024-08-21T17:01:33Z,2024-08-07T15:57:52Z,finished product,sterility,,no growth,,,,,pass,,normal categorical release result
LAB-0141,SYN-0047,2024-08-11T12:20:00Z,2024-08-11T11:00:00Z,upstream process sample,relative_bioburden_signal,0.1616,,action-limit ratio,,0.7,1.0,normal,,normal model
LAB-0142,SYN-0047,2024-08-12T10:02:12Z,2024-08-11T16:02:12Z,finished product,relative_endotoxin_signal,0.1637,,specification ratio,1.0,,,pass,,normal model
LAB-0143,SYN-0047,2024-08-25T23:18:46Z,2024-08-11T16:02:12Z,finished product,sterility,,no growth,,,,,pass,,normal categorical release result
LAB-0144,SYN-0048,2024-08-15T12:20:00Z,2024-08-15T11:00:00Z,upstream process sample,relative_bioburden_signal,0.2315,,action-limit ratio,,0.7,1.0,normal,,normal model
LAB-0145,SYN-0048,2024-08-16T10:10:25Z,2024-08-15T16:10:25Z,finished product,relative_endotoxin_signal,0.1974,,specification ratio,1.0,,,pass,,normal model
LAB-0146,SYN-0048,2024-08-29T17:00:24Z,2024-08-15T16:10:25Z,finished product,sterility,,no growth,,,,,pass,,normal categorical release result
LAB-0147,SYN-0049,2024-08-19T12:20:00Z,2024-08-19T11:00:00Z,upstream process sample,relative_bioburden_signal,0.159,,action-limit ratio,,0.7,1.0,normal,,normal model
LAB-0148,SYN-0049,2024-08-20T10:32:03Z,2024-08-19T16:32:03Z,finished product,relative_endotoxin_signal,0.1702,,specification ratio,1.0,,,pass,,normal model
LAB-0149,SYN-0049,2024-09-02T21:35:20Z,2024-08-19T16:32:03Z,finished product,sterility,,no growth,,,,,pass,,normal categorical release result
LAB-0150,SYN-0050,2024-08-23T12:20:00Z,2024-08-23T11:00:00Z,upstream process sample,relative_bioburden_signal,0.4647,,action-limit ratio,,0.7,1.0,normal,,normal model
LAB-0151,SYN-0050,2024-08-24T08:44:09Z,2024-08-23T14:44:09Z,finished product,relative_endotoxin_signal,0.1523,,specification ratio,1.0,,,pass,,normal model
LAB-0152,SYN-0050,2024-09-06T17:23:24Z,2024-08-23T14:44:09Z,finished product,sterility,,no growth,,,,,pass,,normal categorical release result
LAB-0153,SYN-0051,2024-08-27T12:20:00Z,2024-08-27T11:00:00Z,upstream process sample,relative_bioburden_signal,0.1529,,action-limit ratio,,0.7,1.0,normal,,normal model
LAB-0154,SYN-0051,2024-08-28T08:50:48Z,2024-08-27T14:50:48Z,finished product,relative_endotoxin_signal,0.1573,,specification ratio,1.0,,,pass,,normal model
LAB-0155,SYN-0051,2024-09-10T22:12:28Z,2024-08-27T14:50:48Z,finished product,sterility,,no growth,,,,,pass,,normal categorical release result
LAB-0156,SYN-0052,2024-08-31T12:20:00Z,2024-08-31T11:00:00Z,upstream process sample,relative_bioburden_signal,0.2743,,action-limit ratio,,0.7,1.0,normal,,normal model
LAB-0157,SYN-0052,2024-09-01T11:14:14Z,2024-08-31T17:14:14Z,finished product,relative_endotoxin_signal,0.1386,,specification ratio,1.0,,,pass,,normal model
LAB-0158,SYN-0052,2024-09-15T04:38:25Z,2024-08-31T17:14:14Z,finished product,sterility,,no growth,,,,,pass,,normal categorical release result
LAB-0159,SYN-0053,2024-09-04T12:20:00Z,2024-09-04T11:00:00Z,upstream process sample,relative_bioburden_signal,0.2663,,action-limit ratio,,0.7,1.0,normal,,normal model
LAB-0160,SYN-0053,2024-09-05T09:16:42Z,2024-09-04T15:16:42Z,finished product,relative_endotoxin_signal,0.2784,,specification ratio,1.0,,,pass,,normal model
LAB-0161,SYN-0053,2024-09-19T02:25:52Z,2024-09-04T15:16:42Z,finished product,sterility,,no growth,,,,,pass,,normal categorical release result
LAB-0162,SYN-0054,2024-09-08T12:20:00Z,2024-09-08T11:00:00Z,upstream process sample,relative_bioburden_signal,0.0993,,action-limit ratio,,0.7,1.0,normal,,normal model
LAB-0163,SYN-0054,2024-09-09T08:59:10Z,2024-09-08T14:59:10Z,finished product,relative_endotoxin_signal,0.2147,,specification ratio,1.0,,,pass,,normal model
LAB-0164,SYN-0054,2024-09-23T01:57:40Z,2024-09-08T14:59:10Z,finished product,sterility,,no growth,,,,,pass,,normal categorical release result
LAB-0165,SYN-0055,2024-09-12T12:20:00Z,2024-09-12T11:00:00Z,upstream process sample,relative_bioburden_signal,0.1061,,action-limit ratio,,0.7,1.0,normal,,normal model
LAB-0166,SYN-0055,2024-09-13T11:14:48Z,2024-09-12T17:14:48Z,finished product,relative_endotoxin_signal,0.0895,,specification ratio,1.0,,,pass,,normal model
LAB-0167,SYN-0055,2024-09-26T22:24:48Z,2024-09-12T17:14:48Z,finished product,sterility,,no growth,,,,,pass,,normal categorical release result
LAB-0168,SYN-0056,2024-09-16T12:20:00Z,2024-09-16T11:00:00Z,upstream process sample,relative_bioburden_signal,0.1766,,action-limit ratio,,0.7,1.0,normal,,normal model
LAB-0169,SYN-0056,2024-09-17T09:32:26Z,2024-09-16T15:32:26Z,finished product,relative_endotoxin_signal,0.1506,,specification ratio,1.0,,,pass,,normal model
LAB-0170,SYN-0056,2024-09-30T20:47:29Z,2024-09-16T15:32:26Z,finished product,sterility,,no growth,,,,,pass,,normal categorical release result
LAB-0171,SYN-0057,2024-09-20T12:20:00Z,2024-09-20T11:00:00Z,upstream process sample,relative_bioburden_signal,,,action-limit ratio,,0.7,1.0,missing,,configured missing-data injection
LAB-0172,SYN-0057,2024-09-21T10:41:49Z,2024-09-20T16:41:49Z,finished product,relative_endotoxin_signal,0.327,,specification ratio,1.0,,,pass,,normal model
LAB-0173,SYN-0057,2024-10-05T03:27:12Z,2024-09-20T16:41:49Z,finished product,sterility,,no growth,,,,,pass,,normal categorical release result
LAB-0174,SYN-0058,2024-09-24T12:20:00Z,2024-09-24T11:00:00Z,upstream process sample,relative_bioburden_signal,0.1494,,action-limit ratio,,0.7,1.0,normal,,normal model
LAB-0175,SYN-0058,2024-09-25T10:38:40Z,2024-09-24T16:38:40Z,finished product,relative_endotoxin_signal,0.1234,,specification ratio,1.0,,,pass,,normal model
LAB-0176,SYN-0058,2024-10-08T22:18:31Z,2024-09-24T16:38:40Z,finished product,sterility,,no growth,,,,,pass,,normal categorical release result
LAB-0177,SYN-0059,2024-09-28T12:20:00Z,2024-09-28T11:00:00Z,upstream process sample,relative_bioburden_signal,0.1129,,action-limit ratio,,0.7,1.0,normal,,normal model
LAB-0178,SYN-0059,2024-09-29T09:30:12Z,2024-09-28T15:30:12Z,finished product,relative_endotoxin_signal,0.1902,,specification ratio,1.0,,,pass,,normal model
LAB-0179,SYN-0059,2024-10-13T02:47:59Z,2024-09-28T15:30:12Z,finished product,sterility,,no growth,,,,,pass,,normal categorical release result
LAB-0180,SYN-0060,2024-10-02T12:20:00Z,2024-10-02T11:00:00Z,upstream process sample,relative_bioburden_signal,0.3127,,action-limit ratio,,0.7,1.0,normal,,normal model
LAB-0181,SYN-0060,2024-10-03T11:10:29Z,2024-10-02T17:10:29Z,finished product,relative_endotoxin_signal,0.1209,,specification ratio,1.0,,,pass,,normal model
LAB-0182,SYN-0060,2024-10-16T18:19:20Z,2024-10-02T17:10:29Z,finished product,sterility,,no growth,,,,,pass,,normal categorical release result
LAB-0183,SYN-0061,2024-10-06T12:20:00Z,2024-10-06T11:00:00Z,upstream process sample,relative_bioburden_signal,0.115,,action-limit ratio,,0.7,1.0,normal,,normal model
LAB-0184,SYN-0061,2024-10-07T08:33:59Z,2024-10-06T14:33:59Z,finished product,relative_endotoxin_signal,0.1133,,specification ratio,1.0,,,pass,,normal model
LAB-0185,SYN-0061,2024-10-20T22:45:22Z,2024-10-06T14:33:59Z,finished product,sterility,,no growth,,,,,pass,,normal categorical release result
LAB-0186,SYN-0062,2024-10-10T12:20:00Z,2024-10-10T11:00:00Z,upstream process sample,relative_bioburden_signal,0.2151,,action-limit ratio,,0.7,1.0,normal,,normal model
LAB-0187,SYN-0062,2024-10-11T10:37:26Z,2024-10-10T16:37:26Z,finished product,relative_endotoxin_signal,0.3009,,specification ratio,1.0,,,pass,,normal model
LAB-0188,SYN-0062,2024-10-25T04:06:15Z,2024-10-10T16:37:26Z,finished product,sterility,,no growth,,,,,pass,,normal categorical release result
LAB-0189,SYN-0063,2024-10-14T12:20:00Z,2024-10-14T11:00:00Z,upstream process sample,relative_bioburden_signal,0.1798,,action-limit ratio,,0.7,1.0,normal,,normal model
LAB-0190,SYN-0063,2024-10-15T09:53:58Z,2024-10-14T15:53:58Z,finished product,relative_endotoxin_signal,0.1243,,specification ratio,1.0,,,pass,,normal model
LAB-0191,SYN-0063,2024-10-28T22:20:28Z,2024-10-14T15:53:58Z,finished product,sterility,,no growth,,,,,pass,,normal categorical release result
LAB-0192,SYN-0064,2024-10-18T12:20:00Z,2024-10-18T11:00:00Z,upstream process sample,relative_bioburden_signal,0.1554,,action-limit ratio,,0.7,1.0,normal,,normal model
LAB-0193,SYN-0064,2024-10-19T11:56:17Z,2024-10-18T17:56:17Z,finished product,relative_endotoxin_signal,0.1188,,specification ratio,1.0,,,pass,,normal model
LAB-0194,SYN-0064,2024-11-02T01:52:03Z,2024-10-18T17:56:17Z,finished product,sterility,,no growth,,,,,pass,,normal categorical release result
LAB-0195,SYN-0065,2024-10-22T12:20:00Z,2024-10-22T11:00:00Z,upstream process sample,relative_bioburden_signal,0.164,,action-limit ratio,,0.7,1.0,normal,,normal model
LAB-0196,SYN-0065,2024-10-23T10:37:09Z,2024-10-22T16:37:09Z,finished product,relative_endotoxin_signal,0.1426,,specification ratio,1.0,,,pass,,normal model
LAB-0197,SYN-0065,2024-11-05T18:04:34Z,2024-10-22T16:37:09Z,finished product,sterility,,no growth,,,,,pass,,normal categorical release result
LAB-0198,SYN-0066,2024-10-26T12:20:00Z,2024-10-26T11:00:00Z,upstream process sample,relative_bioburden_signal,0.1326,,action-limit ratio,,0.7,1.0,normal,,normal model
LAB-0199,SYN-0066,2024-10-27T10:09:15Z,2024-10-26T16:09:15Z,finished product,relative_endotoxin_signal,0.2094,,specification ratio,1.0,,,pass,,normal model
LAB-0200,SYN-0066,2024-11-10T02:41:40Z,2024-10-26T16:09:15Z,finished product,sterility,,no growth,,,,,pass,,normal categorical release result
LAB-0201,SYN-0067,2024-10-30T12:20:00Z,2024-10-30T11:00:00Z,upstream process sample,relative_bioburden_signal,0.2062,,action-limit ratio,,0.7,1.0,normal,,normal model
LAB-0202,SYN-0067,2024-10-31T10:51:51Z,2024-10-30T16:51:51Z,finished product,relative_endotoxin_signal,0.188,,specification ratio,1.0,,,pass,,normal model
LAB-0203,SYN-0067,2024-11-13T21:14:37Z,2024-10-30T16:51:51Z,finished product,sterility,,no growth,,,,,pass,,normal categorical release result
LAB-0204,SYN-0068,2024-11-03T12:20:00Z,2024-11-03T11:00:00Z,upstream process sample,relative_bioburden_signal,0.1536,,action-limit ratio,,0.7,1.0,normal,,normal model
LAB-0205,SYN-0068,2024-11-04T12:08:32Z,2024-11-03T18:08:32Z,finished product,relative_endotoxin_signal,0.1182,,specification ratio,1.0,,,pass,,normal model
LAB-0206,SYN-0068,2024-11-17T20:35:30Z,2024-11-03T18:08:32Z,finished product,sterility,,no growth,,,,,pass,,normal categorical release result
LAB-0207,SYN-0069,2024-11-07T12:20:00Z,2024-11-07T11:00:00Z,upstream process sample,relative_bioburden_signal,0.1594,,action-limit ratio,,0.7,1.0,normal,,normal model
LAB-0208,SYN-0069,2024-11-08T10:22:26Z,2024-11-07T16:22:26Z,finished product,relative_endotoxin_signal,0.1109,,specification ratio,1.0,,,pass,,normal model
LAB-0209,SYN-0069,2024-11-21T22:08:32Z,2024-11-07T16:22:26Z,finished product,sterility,,no growth,,,,,pass,,normal categorical release result
LAB-0210,SYN-0070,2024-11-11T12:20:00Z,2024-11-11T11:00:00Z,upstream process sample,relative_bioburden_signal,0.1058,,action-limit ratio,,0.7,1.0,normal,,normal model
LAB-0211,SYN-0070,2024-11-12T09:12:08Z,2024-11-11T15:12:08Z,finished product,relative_endotoxin_signal,0.1183,,specification ratio,1.0,,,pass,,normal model
LAB-0212,SYN-0070,2024-11-25T20:15:30Z,2024-11-11T15:12:08Z,finished product,sterility,,no growth,,,,,pass,,normal categorical release result
LAB-0213,SYN-0071,2024-11-15T12:20:00Z,2024-11-15T11:00:00Z,upstream process sample,relative_bioburden_signal,0.2223,,action-limit ratio,,0.7,1.0,normal,,normal model
LAB-0214,SYN-0071,2024-11-16T09:44:53Z,2024-11-15T15:44:53Z,finished product,relative_endotoxin_signal,0.1707,,specification ratio,1.0,,,pass,,normal model
LAB-0215,SYN-0071,2024-11-29T18:05:57Z,2024-11-15T15:44:53Z,finished product,sterility,,no growth,,,,,pass,,normal categorical release result
LAB-0216,SYN-0072,2024-11-19T12:20:00Z,2024-11-19T11:00:00Z,upstream process sample,relative_bioburden_signal,0.25,,action-limit ratio,,0.7,1.0,normal,,normal model
LAB-0217,SYN-0072,2024-11-20T09:29:51Z,2024-11-19T15:29:51Z,finished product,relative_endotoxin_signal,0.2484,,specification ratio,1.0,,,pass,,normal model
LAB-0218,SYN-0072,2024-12-03T22:39:52Z,2024-11-19T15:29:51Z,finished product,sterility,,no growth,,,,,pass,,normal categorical release result
LAB-0219,SYN-0073,2024-11-23T12:20:00Z,2024-11-23T11:00:00Z,upstream process sample,relative_bioburden_signal,0.1842,,action-limit ratio,,0.7,1.0,normal,,normal model
LAB-0220,SYN-0073,2024-11-24T10:28:52Z,2024-11-23T16:28:52Z,finished product,relative_endotoxin_signal,0.2825,,specification ratio,1.0,,,pass,,normal model
LAB-0221,SYN-0073,2024-12-08T00:49:06Z,2024-11-23T16:28:52Z,finished product,sterility,,no growth,,,,,pass,,normal categorical release result
LAB-0222,SYN-0074,2024-11-27T12:20:00Z,2024-11-27T11:00:00Z,upstream process sample,relative_bioburden_signal,0.175,,action-limit ratio,,0.7,1.0,normal,,normal model
LAB-0223,SYN-0074,2024-11-28T09:10:15Z,2024-11-27T15:10:15Z,finished product,relative_endotoxin_signal,0.2037,,specification ratio,1.0,,,pass,,normal model
LAB-0224,SYN-0074,2024-12-12T00:12:40Z,2024-11-27T15:10:15Z,finished product,sterility,,no growth,,,,,pass,,normal categorical release result
LAB-0225,BATCH-075,2024-12-01T12:00:00Z,2024-12-01T10:40:00Z,upstream process sample,relative_bioburden_signal,1.23,,action-limit ratio,,0.7,1.0,action,,incident family A shift
LAB-0226,BATCH-075,2024-12-02T09:43:50Z,2024-12-01T15:43:50Z,finished product,relative_endotoxin_signal,0.1326,,specification ratio,1.0,,,pass,,normal release-result model; passing result preserves public incident sequence
LAB-0227,BATCH-075,2024-12-15T19:24:01Z,2024-12-01T15:43:50Z,finished product,sterility,,no growth,,,,,pass,,normal categorical release result
LAB-0228,SYN-0075,2024-12-02T12:20:00Z,2024-12-02T11:00:00Z,upstream process sample,relative_bioburden_signal,0.479,,action-limit ratio,,0.7,1.0,normal,,normal model
LAB-0229,SYN-0075,2024-12-03T09:48:18Z,2024-12-02T15:48:18Z,finished product,relative_endotoxin_signal,0.1723,,specification ratio,1.0,,,pass,,normal model
LAB-0230,SYN-0075,2024-12-16T21:41:15Z,2024-12-02T15:48:18Z,finished product,sterility,,no growth,,,,,pass,,normal categorical release result
LAB-0231,SYN-0076,2024-12-05T12:20:00Z,2024-12-05T11:00:00Z,upstream process sample,relative_bioburden_signal,0.1664,,action-limit ratio,,0.7,1.0,normal,,normal model
LAB-0232,SYN-0076,2024-12-06T11:58:27Z,2024-12-05T17:58:27Z,finished product,relative_endotoxin_signal,0.104,,specification ratio,1.0,,,pass,,normal model
LAB-0233,SYN-0076,2024-12-19T18:49:26Z,2024-12-05T17:58:27Z,finished product,sterility,,no growth,,,,,pass,,normal categorical release result
LAB-0234,SYN-0077,2024-12-09T12:20:00Z,2024-12-09T11:00:00Z,upstream process sample,relative_bioburden_signal,0.1435,,action-limit ratio,,0.7,1.0,normal,,normal model
LAB-0235,SYN-0077,2024-12-10T09:31:53Z,2024-12-09T15:31:53Z,finished product,relative_endotoxin_signal,0.1333,,specification ratio,1.0,,,pass,,normal model
LAB-0236,SYN-0077,2024-12-23T18:10:05Z,2024-12-09T15:31:53Z,finished product,sterility,,no growth,,,,,pass,,normal categorical release result
LAB-0237,SYN-0078,2024-12-13T12:20:00Z,2024-12-13T11:00:00Z,upstream process sample,relative_bioburden_signal,0.1756,,action-limit ratio,,0.7,1.0,normal,,normal model
LAB-0238,SYN-0078,2024-12-14T09:25:00Z,2024-12-13T15:25:00Z,finished product,relative_endotoxin_signal,0.3415,,specification ratio,1.0,,,pass,,normal model
LAB-0239,SYN-0078,2024-12-27T23:35:14Z,2024-12-13T15:25:00Z,finished product,sterility,,no growth,,,,,pass,,normal categorical release result
LAB-0240,SYN-0079,2024-12-17T12:20:00Z,2024-12-17T11:00:00Z,upstream process sample,relative_bioburden_signal,0.1849,,action-limit ratio,,0.7,1.0,normal,,normal model
LAB-0241,SYN-0079,2024-12-18T08:59:42Z,2024-12-17T14:59:42Z,finished product,relative_endotoxin_signal,0.232,,specification ratio,1.0,,,pass,,normal model
LAB-0242,SYN-0079,2024-12-31T16:57:04Z,2024-12-17T14:59:42Z,finished product,sterility,,no growth,,,,,pass,,normal categorical release result
LAB-0243,SYN-0080,2024-12-21T12:20:00Z,2024-12-21T11:00:00Z,upstream process sample,relative_bioburden_signal,0.1173,,action-limit ratio,,0.7,1.0,normal,,normal model
LAB-0244,SYN-0080,2024-12-22T09:52:46Z,2024-12-21T15:52:46Z,finished product,relative_endotoxin_signal,0.1853,,specification ratio,1.0,,,pass,,normal model
LAB-0245,SYN-0080,2025-01-04T20:53:10Z,2024-12-21T15:52:46Z,finished product,sterility,,no growth,,,,,pass,,normal categorical release result
LAB-0246,SYN-0081,2024-12-25T12:20:00Z,2024-12-25T11:00:00Z,upstream process sample,relative_bioburden_signal,0.1659,,action-limit ratio,,0.7,1.0,normal,,normal model
LAB-0247,SYN-0081,2024-12-26T11:17:13Z,2024-12-25T17:17:13Z,finished product,relative_endotoxin_signal,0.1194,,specification ratio,1.0,,,pass,,normal model
LAB-0248,SYN-0081,2025-01-09T04:42:36Z,2024-12-25T17:17:13Z,finished product,sterility,,no growth,,,,,pass,,normal categorical release result
LAB-0249,SYN-0082,2024-12-29T12:20:00Z,2024-12-29T11:00:00Z,upstream process sample,relative_bioburden_signal,0.7721,,action-limit ratio,,0.7,1.0,alert,,negative-control alert
LAB-0250,SYN-0082,2024-12-30T09:04:20Z,2024-12-29T15:04:20Z,finished product,relative_endotoxin_signal,0.3839,,specification ratio,1.0,,,pass,,normal model
LAB-0251,SYN-0082,2025-01-12T18:27:11Z,2024-12-29T15:04:20Z,finished product,sterility,,no growth,,,,,pass,,normal categorical release result
LAB-0252,SYN-0083,2025-01-02T12:20:00Z,2025-01-02T11:00:00Z,upstream process sample,relative_bioburden_signal,0.2332,,action-limit ratio,,0.7,1.0,normal,,normal model
LAB-0253,SYN-0083,2025-01-03T08:33:51Z,2025-01-02T14:33:51Z,finished product,relative_endotoxin_signal,0.1193,,specification ratio,1.0,,,pass,,normal model
LAB-0254,SYN-0083,2025-01-16T22:02:37Z,2025-01-02T14:33:51Z,finished product,sterility,,no growth,,,,,pass,,normal categorical release result
LAB-0255,BATCH-084,2025-01-04T12:25:00Z,2025-01-04T11:05:00Z,upstream process sample,relative_bioburden_signal,1.48,,action-limit ratio,,0.7,1.0,action,,incident family A shift
LAB-0256,BATCH-084,2025-01-05T09:11:25Z,2025-01-04T15:11:25Z,finished product,relative_endotoxin_signal,0.2093,,specification ratio,1.0,,,pass,,normal release-result model; passing result preserves public incident sequence
LAB-0257,BATCH-084,2025-01-19T01:02:49Z,2025-01-04T15:11:25Z,finished product,sterility,,no growth,,,,,pass,,normal categorical release result
LAB-0258,SYN-0084,2025-01-06T12:20:00Z,2025-01-06T11:00:00Z,upstream process sample,relative_bioburden_signal,0.142,,action-limit ratio,,0.7,1.0,normal,,normal model
LAB-0259,SYN-0084,2025-01-07T08:55:09Z,2025-01-06T14:55:09Z,finished product,relative_endotoxin_signal,0.1814,,specification ratio,1.0,,,pass,,normal model
LAB-0260,SYN-0084,2025-01-21T01:29:57Z,2025-01-06T14:55:09Z,finished product,sterility,,no growth,,,,,pass,,normal categorical release result
LAB-0261,SYN-0085,2025-01-10T12:20:00Z,2025-01-10T11:00:00Z,upstream process sample,relative_bioburden_signal,0.2183,,action-limit ratio,,0.7,1.0,normal,,normal model
LAB-0262,SYN-0085,2025-01-11T10:06:20Z,2025-01-10T16:06:20Z,finished product,relative_endotoxin_signal,0.1689,,specification ratio,1.0,,,pass,,normal model
LAB-0263,SYN-0085,2025-01-25T00:49:26Z,2025-01-10T16:06:20Z,finished product,sterility,,no growth,,,,,pass,,normal categorical release result
LAB-0264,SYN-0086,2025-01-14T12:20:00Z,2025-01-14T11:00:00Z,upstream process sample,relative_bioburden_signal,0.1973,,action-limit ratio,,0.7,1.0,normal,,normal model
LAB-0265,SYN-0086,2025-01-15T09:56:51Z,2025-01-14T15:56:51Z,finished product,relative_endotoxin_signal,0.1183,,specification ratio,1.0,,,pass,,normal model
LAB-0266,SYN-0086,2025-01-28T18:31:01Z,2025-01-14T15:56:51Z,finished product,sterility,,no growth,,,,,pass,,normal categorical release result
LAB-0267,SYN-0087,2025-01-18T12:20:00Z,2025-01-18T11:00:00Z,upstream process sample,relative_bioburden_signal,0.1376,,action-limit ratio,,0.7,1.0,normal,,normal model
LAB-0268,SYN-0087,2025-01-19T11:28:23Z,2025-01-18T17:28:23Z,finished product,relative_endotoxin_signal,0.1278,,specification ratio,1.0,,,pass,,normal model
LAB-0269,SYN-0087,2025-02-02T04:43:52Z,2025-01-18T17:28:23Z,finished product,sterility,,no growth,,,,,pass,,normal categorical release result
LAB-0270,SYN-0088,2025-01-22T12:20:00Z,2025-01-22T11:00:00Z,upstream process sample,relative_bioburden_signal,0.2063,,action-limit ratio,,0.7,1.0,normal,,normal model
LAB-0271,SYN-0088,2025-01-23T10:46:28Z,2025-01-22T16:46:28Z,finished product,relative_endotoxin_signal,0.2198,,specification ratio,1.0,,,pass,,normal model
LAB-0272,SYN-0088,2025-02-05T21:52:53Z,2025-01-22T16:46:28Z,finished product,sterility,,no growth,,,,,pass,,normal categorical release result
LAB-0273,SYN-0089,2025-01-26T12:20:00Z,2025-01-26T11:00:00Z,upstream process sample,relative_bioburden_signal,0.2627,,action-limit ratio,,0.7,1.0,normal,,normal model
LAB-0274,SYN-0089,2025-01-27T09:55:31Z,2025-01-26T15:55:31Z,finished product,relative_endotoxin_signal,0.3007,,specification ratio,1.0,,,pass,,normal model
LAB-0275,SYN-0089,2025-02-09T16:50:37Z,2025-01-26T15:55:31Z,finished product,sterility,,no growth,,,,,pass,,normal categorical release result
LAB-0276,SYN-0090,2025-01-30T12:20:00Z,2025-01-30T11:00:00Z,upstream process sample,relative_bioburden_signal,0.2767,,action-limit ratio,,0.7,1.0,normal,,normal model
LAB-0277,SYN-0090,2025-01-31T11:04:30Z,2025-01-30T17:04:30Z,finished product,relative_endotoxin_signal,0.1541,,specification ratio,1.0,,,pass,,normal model
LAB-0278,SYN-0090,2025-02-13T22:31:26Z,2025-01-30T17:04:30Z,finished product,sterility,,no growth,,,,,pass,,normal categorical release result
LAB-0279,SYN-0091,2025-02-03T12:20:00Z,2025-02-03T11:00:00Z,upstream process sample,relative_bioburden_signal,0.1496,,action-limit ratio,,0.7,1.0,normal,,normal model
LAB-0280,SYN-0091,2025-02-04T10:45:56Z,2025-02-03T16:45:56Z,finished product,relative_endotoxin_signal,0.1149,,specification ratio,1.0,,,pass,,normal model
LAB-0281,SYN-0091,2025-02-18T01:09:58Z,2025-02-03T16:45:56Z,finished product,sterility,,no growth,,,,,pass,,normal categorical release result
LAB-0282,SYN-0092,2025-02-07T12:20:00Z,2025-02-07T11:00:00Z,upstream process sample,relative_bioburden_signal,0.1876,,action-limit ratio,,0.7,1.0,normal,,normal model
LAB-0283,SYN-0092,2025-02-08T10:18:02Z,2025-02-07T16:18:02Z,finished product,relative_endotoxin_signal,0.1366,,specification ratio,1.0,,,pass,,normal model
LAB-0284,SYN-0092,2025-02-21T21:29:57Z,2025-02-07T16:18:02Z,finished product,sterility,,no growth,,,,,pass,,normal categorical release result
LAB-0285,SYN-0093,2025-02-11T12:20:00Z,2025-02-11T11:00:00Z,upstream process sample,relative_bioburden_signal,0.1035,,action-limit ratio,,0.7,1.0,normal,,normal model
LAB-0286,SYN-0093,2025-02-12T10:15:41Z,2025-02-11T16:15:41Z,finished product,relative_endotoxin_signal,0.2353,,specification ratio,1.0,,,pass,,normal model
LAB-0287,SYN-0093,2025-02-25T20:34:57Z,2025-02-11T16:15:41Z,finished product,sterility,,no growth,,,,,pass,,normal categorical release result
LAB-0288,SYN-0094,2025-02-15T12:20:00Z,2025-02-15T11:00:00Z,upstream process sample,relative_bioburden_signal,0.1706,,action-limit ratio,,0.7,1.0,normal,,normal model
LAB-0289,SYN-0094,2025-02-16T10:15:33Z,2025-02-15T16:15:33Z,finished product,relative_endotoxin_signal,0.2142,,specification ratio,1.0,,,pass,,normal model
LAB-0290,SYN-0094,2025-03-01T18:56:36Z,2025-02-15T16:15:33Z,finished product,sterility,,no growth,,,,,pass,,normal categorical release result
LAB-0291,SYN-0095,2025-02-19T12:20:00Z,2025-02-19T11:00:00Z,upstream process sample,relative_bioburden_signal,0.2924,,action-limit ratio,,0.7,1.0,normal,,normal model
LAB-0292,SYN-0095,2025-02-20T09:50:27Z,2025-02-19T15:50:27Z,finished product,relative_endotoxin_signal,0.1901,,specification ratio,1.0,,,pass,,normal model
LAB-0293,SYN-0095,2025-03-06T00:08:01Z,2025-02-19T15:50:27Z,finished product,sterility,,no growth,,,,,pass,,normal categorical release result
LAB-0294,SYN-0096,2025-02-23T12:20:00Z,2025-02-23T11:00:00Z,upstream process sample,relative_bioburden_signal,0.2239,,action-limit ratio,,0.7,1.0,normal,,normal model
LAB-0295,SYN-0096,2025-02-24T10:01:06Z,2025-02-23T16:01:06Z,finished product,relative_endotoxin_signal,0.1631,,specification ratio,1.0,,,pass,,normal model
LAB-0296,SYN-0096,2025-03-09T21:44:47Z,2025-02-23T16:01:06Z,finished product,sterility,,no growth,,,,,pass,,normal categorical release result
LAB-0297,SYN-0097,2025-02-27T12:20:00Z,2025-02-27T11:00:00Z,upstream process sample,relative_bioburden_signal,0.1047,,action-limit ratio,,0.7,1.0,normal,,normal model
LAB-0298,SYN-0097,2025-02-28T09:11:29Z,2025-02-27T15:11:29Z,finished product,relative_endotoxin_signal,0.1738,,specification ratio,1.0,,,pass,,normal model
LAB-0299,SYN-0097,2025-03-13T21:57:35Z,2025-02-27T15:11:29Z,finished product,sterility,,no growth,,,,,pass,,normal categorical release result
LAB-0300,BATCH-099,2025-03-12T12:15:00Z,2025-03-12T10:55:00Z,upstream process sample,relative_bioburden_signal,1.71,,action-limit ratio,,0.7,1.0,action,,incident family A shift
LAB-0301,BATCH-099,2025-03-13T10:55:12Z,2025-03-12T16:55:12Z,finished product,relative_endotoxin_signal,0.1872,,specification ratio,1.0,,,pass,,normal release-result model; passing result preserves public incident sequence
LAB-0302,BATCH-099,2025-03-26T21:10:28Z,2025-03-12T16:55:12Z,finished product,sterility,,no growth,,,,,pass,,normal categorical release result
LAB-0303,BATCH-075,2025-10-27T14:10:00Z,2025-10-27T11:10:00Z,finished-product reserve,relative_endotoxin_signal,1.37,,specification ratio,1.0,,,out_of_specification,,Reconstructed timing and lot assignment; public record confirms a reserve-sample OOS in one lot but does not identify it.
