work_order,timestamp,equipment_id,work_type,description,action,status,linked_batch_id
WO-0001,2024-03-19T21:00:00Z,VESSEL-01,inspection,Planned equipment inspection.,Inspection completed; observations recorded.,closed,SYN-0011
WO-0002,2024-05-02T21:00:00Z,VESSEL-01,inspection,Planned equipment inspection.,Inspection completed; observations recorded.,closed,SYN-0022
WO-0003,2024-06-15T21:00:00Z,VESSEL-01,inspection,Planned equipment inspection.,Inspection completed; observations recorded.,closed,SYN-0033
WO-0004,2024-07-29T21:00:00Z,VESSEL-01,inspection,Planned equipment inspection.,Inspection completed; observations recorded.,closed,SYN-0044
WO-0005,2024-09-11T21:00:00Z,VESSEL-01,inspection,Planned equipment inspection.,Inspection completed; observations recorded.,closed,SYN-0055
WO-0006,2024-10-25T21:00:00Z,VESSEL-01,inspection,Planned equipment inspection.,Inspection completed; observations recorded.,closed,SYN-0066
WO-0007,2024-12-04T21:00:00Z,VESSEL-01,inspection,Planned equipment inspection.,Inspection completed; observations recorded.,closed,SYN-0076
WO-0008,2025-01-03T21:05:00Z,VESSEL-01,inspection,Planned equipment inspection.,Inspection completed; observations recorded.,closed,BATCH-084
WO-0009,2025-01-13T21:00:00Z,VESSEL-01,inspection,Planned equipment inspection.,Inspection completed; observations recorded.,closed,SYN-0086
WO-0010,2025-01-29T21:00:00Z,PUMP-02,inspection,Planned equipment inspection.,Inspection completed; observations recorded.,closed,SYN-0090
WO-0011,2025-02-02T21:00:00Z,VESSEL-01,inspection,Planned equipment inspection.,Inspection completed; observations recorded.,closed,SYN-0091
WO-0012,2025-02-26T21:00:00Z,VESSEL-01,inspection,Planned equipment inspection.,Inspection completed; observations recorded.,closed,SYN-0097
