operator_event_id,batch_id,timestamp,role,event_type,description,severity
OP-0001,SYN-0001,2024-02-09T08:15:00Z,Manufacturing Operator,batch_check,Routine in-process verification completed.,normal
OP-0002,SYN-0002,2024-02-13T08:15:00Z,Manufacturing Operator,batch_check,Routine in-process verification completed.,normal
OP-0003,SYN-0003,2024-02-17T08:15:00Z,Manufacturing Operator,batch_check,Routine in-process verification completed.,normal
OP-0004,SYN-0004,2024-02-21T08:15:00Z,Manufacturing Operator,batch_check,Routine in-process verification completed.,normal
OP-0005,SYN-0005,2024-02-25T08:15:00Z,Manufacturing Operator,batch_check,Routine in-process verification completed.,normal
OP-0006,SYN-0006,2024-02-29T08:15:00Z,Manufacturing Operator,batch_check,Routine in-process verification completed.,normal
OP-0007,SYN-0007,2024-03-04T08:15:00Z,Manufacturing Operator,batch_check,Routine in-process verification completed.,normal
OP-0008,SYN-0008,2024-03-08T08:15:00Z,Manufacturing Operator,batch_check,Routine in-process verification completed.,normal
OP-0009,SYN-0009,2024-03-12T08:15:00Z,Manufacturing Operator,batch_check,Routine in-process verification completed.,normal
OP-0010,SYN-0010,2024-03-16T08:15:00Z,Manufacturing Operator,batch_check,Routine in-process verification completed.,normal
OP-0011,SYN-0011,2024-03-20T08:15:00Z,Manufacturing Operator,batch_check,Routine in-process verification completed.,normal
OP-0012,SYN-0012,2024-03-24T08:15:00Z,Manufacturing Operator,batch_check,Routine in-process verification completed.,normal
OP-0013,SYN-0013,2024-03-28T08:15:00Z,Manufacturing Operator,batch_check,Routine in-process verification completed.,normal
OP-0014,SYN-0014,2024-04-01T08:15:00Z,Manufacturing Operator,batch_check,Routine in-process verification completed.,normal
OP-0015,SYN-0015,2024-04-05T08:15:00Z,Manufacturing Operator,batch_check,Routine in-process verification completed.,normal
OP-0016,SYN-0016,2024-04-09T08:15:00Z,Manufacturing Operator,batch_check,Routine in-process verification completed.,normal
OP-0017,SYN-0017,2024-04-13T08:15:00Z,Manufacturing Operator,batch_check,Routine in-process verification completed.,normal
OP-0018,SYN-0018,2024-04-17T08:15:00Z,Manufacturing Operator,batch_check,Routine in-process verification completed.,normal
OP-0019,SYN-0019,2024-04-21T08:15:00Z,Manufacturing Operator,batch_check,Routine in-process verification completed.,normal
OP-0020,SYN-0020,2024-04-25T08:15:00Z,Manufacturing Operator,batch_check,Routine in-process verification completed.,normal
OP-0021,SYN-0021,2024-04-29T08:15:00Z,Manufacturing Operator,batch_check,Routine in-process verification completed.,normal
OP-0022,SYN-0022,2024-05-03T08:15:00Z,Manufacturing Operator,batch_check,Routine in-process verification completed.,normal
OP-0023,SYN-0023,2024-05-07T08:15:00Z,Manufacturing Operator,batch_check,Routine in-process verification completed.,normal
OP-0024,SYN-0024,2024-05-11T08:15:00Z,Manufacturing Operator,batch_check,Routine in-process verification completed.,normal
OP-0025,SYN-0025,2024-05-15T08:15:00Z,Manufacturing Operator,batch_check,Routine in-process verification completed.,normal
OP-0026,SYN-0026,2024-05-19T08:15:00Z,Manufacturing Operator,batch_check,Routine in-process verification completed.,normal
OP-0027,SYN-0027,2024-05-23T08:15:00Z,Manufacturing Operator,batch_check,Routine in-process verification completed.,normal
OP-0028,SYN-0028,2024-05-27T08:15:00Z,Manufacturing Operator,batch_check,Routine in-process verification completed.,normal
OP-0029,SYN-0029,2024-05-31T08:15:00Z,Manufacturing Operator,batch_check,Routine in-process verification completed.,normal
OP-0030,SYN-0030,2024-06-04T08:15:00Z,Manufacturing Operator,batch_check,Routine in-process verification completed.,normal
OP-0031,SYN-0031,2024-06-08T08:15:00Z,Manufacturing Operator,batch_check,Routine in-process verification completed.,normal
OP-0032,SYN-0032,2024-06-12T08:15:00Z,Manufacturing Operator,batch_check,Routine in-process verification completed.,normal
OP-0033,SYN-0033,2024-06-16T08:15:00Z,Manufacturing Operator,batch_check,Routine in-process verification completed.,normal
OP-0034,SYN-0034,2024-06-20T08:15:00Z,Manufacturing Operator,batch_check,Routine in-process verification completed.,normal
OP-0035,SYN-0035,2024-06-24T08:15:00Z,Manufacturing Operator,batch_check,Routine in-process verification completed.,normal
OP-0036,SYN-0036,2024-06-28T08:15:00Z,Manufacturing Operator,batch_check,Routine in-process verification completed.,normal
OP-0037,SYN-0037,2024-07-02T08:15:00Z,Manufacturing Operator,batch_check,Routine in-process verification completed.,normal
OP-0038,SYN-0038,2024-07-06T08:15:00Z,Manufacturing Operator,batch_check,Routine in-process verification completed.,normal
OP-0039,SYN-0039,2024-07-10T08:15:00Z,Manufacturing Operator,batch_check,Routine in-process verification completed.,normal
OP-0040,SYN-0040,2024-07-14T08:15:00Z,Manufacturing Operator,batch_check,Routine in-process verification completed.,normal
OP-0041,SYN-0041,2024-07-18T08:15:00Z,Manufacturing Operator,batch_check,Routine in-process verification completed.,normal
OP-0042,SYN-0042,2024-07-22T08:15:00Z,Manufacturing Operator,batch_check,Routine in-process verification completed.,normal
OP-0043,SYN-0043,2024-07-26T08:15:00Z,Manufacturing Operator,batch_check,Routine in-process verification completed.,normal
OP-0044,SYN-0044,2024-07-30T08:15:00Z,Manufacturing Operator,batch_check,Routine in-process verification completed.,normal
OP-0045,SYN-0045,2024-08-03T08:15:00Z,Manufacturing Operator,batch_check,Routine in-process verification completed.,normal
OP-0046,SYN-0046,2024-08-07T08:15:00Z,Manufacturing Operator,batch_check,Routine in-process verification completed.,normal
OP-0047,SYN-0047,2024-08-11T08:15:00Z,Manufacturing Operator,batch_check,Routine in-process verification completed.,normal
OP-0048,SYN-0048,2024-08-15T08:15:00Z,Manufacturing Operator,batch_check,Routine in-process verification completed.,normal
OP-0049,SYN-0049,2024-08-19T08:15:00Z,Manufacturing Operator,batch_check,Routine in-process verification completed.,normal
OP-0050,SYN-0050,2024-08-23T08:15:00Z,Manufacturing Operator,batch_check,Routine in-process verification completed.,normal
OP-0051,SYN-0051,2024-08-27T08:15:00Z,Manufacturing Operator,batch_check,Routine in-process verification completed.,normal
OP-0052,SYN-0052,2024-08-31T08:15:00Z,Manufacturing Operator,batch_check,Routine in-process verification completed.,normal
OP-0053,SYN-0053,2024-09-04T08:15:00Z,Manufacturing Operator,batch_check,Routine in-process verification completed.,normal
OP-0054,SYN-0054,2024-09-08T08:15:00Z,Manufacturing Operator,batch_check,Routine in-process verification completed.,normal
OP-0055,SYN-0055,2024-09-12T08:15:00Z,Manufacturing Operator,batch_check,Routine in-process verification completed.,normal
OP-0056,SYN-0056,2024-09-16T08:15:00Z,Manufacturing Operator,batch_check,Routine in-process verification completed.,normal
OP-0057,SYN-0057,2024-09-20T08:15:00Z,Manufacturing Operator,batch_check,Routine in-process verification completed.,normal
OP-0058,SYN-0058,2024-09-24T08:15:00Z,Manufacturing Operator,batch_check,Routine in-process verification completed.,normal
OP-0059,SYN-0059,2024-09-28T08:15:00Z,Manufacturing Operator,batch_check,Routine in-process verification completed.,normal
OP-0060,SYN-0060,2024-10-02T08:15:00Z,Manufacturing Operator,batch_check,Routine in-process verification completed.,normal
OP-0061,SYN-0061,2024-10-06T08:15:00Z,Manufacturing Operator,batch_check,Routine in-process verification completed.,normal
OP-0062,SYN-0062,2024-10-10T08:15:00Z,Manufacturing Operator,batch_check,Routine in-process verification completed.,normal
OP-0063,SYN-0063,2024-10-14T08:15:00Z,Manufacturing Operator,batch_check,Routine in-process verification completed.,normal
OP-0064,SYN-0064,2024-10-18T08:15:00Z,Manufacturing Operator,batch_check,Routine in-process verification completed.,normal
OP-0065,SYN-0065,2024-10-22T08:15:00Z,Manufacturing Operator,batch_check,Routine in-process verification completed.,normal
OP-0066,SYN-0066,2024-10-26T08:15:00Z,Manufacturing Operator,batch_check,Routine in-process verification completed.,normal
OP-0067,SYN-0067,2024-10-30T08:15:00Z,Manufacturing Operator,batch_check,Routine in-process verification completed.,normal
OP-0068,SYN-0068,2024-11-03T08:15:00Z,Manufacturing Operator,batch_check,Routine in-process verification completed.,normal
OP-0069,SYN-0069,2024-11-07T08:15:00Z,Manufacturing Operator,batch_check,Routine in-process verification completed.,normal
OP-0070,SYN-0070,2024-11-11T08:15:00Z,Manufacturing Operator,batch_check,Routine in-process verification completed.,normal
OP-0071,SYN-0071,2024-11-15T08:15:00Z,Manufacturing Operator,batch_check,Routine in-process verification completed.,normal
OP-0072,SYN-0072,2024-11-19T08:15:00Z,Manufacturing Operator,batch_check,Routine in-process verification completed.,normal
OP-0073,SYN-0073,2024-11-23T08:15:00Z,Manufacturing Operator,batch_check,Routine in-process verification completed.,normal
OP-0074,SYN-0074,2024-11-27T08:15:00Z,Manufacturing Operator,batch_check,Routine in-process verification completed.,normal
OP-0075,BATCH-075,2024-12-01T07:55:00Z,Manufacturing Operator,batch_check,Routine in-process verification completed.,normal
OP-0076,SYN-0075,2024-12-02T08:15:00Z,Manufacturing Operator,batch_check,Routine in-process verification completed.,normal
OP-0077,SYN-0076,2024-12-05T08:15:00Z,Manufacturing Operator,batch_check,Routine in-process verification completed.,normal
OP-0078,SYN-0077,2024-12-09T08:15:00Z,Manufacturing Operator,batch_check,Routine in-process verification completed.,normal
OP-0079,SYN-0078,2024-12-13T08:15:00Z,Manufacturing Operator,batch_check,Routine in-process verification completed.,normal
OP-0080,SYN-0079,2024-12-17T08:15:00Z,Manufacturing Operator,batch_check,Routine in-process verification completed.,normal
OP-0081,SYN-0080,2024-12-21T08:15:00Z,Manufacturing Operator,batch_check,Routine in-process verification completed.,normal
OP-0082,SYN-0081,2024-12-25T08:15:00Z,Manufacturing Operator,batch_check,Routine in-process verification completed.,normal
OP-0083,SYN-0082,2024-12-29T08:15:00Z,Manufacturing Operator,batch_check,Routine in-process verification completed.,normal
OP-0084,SYN-0083,2025-01-02T08:15:00Z,Manufacturing Operator,batch_check,Routine in-process verification completed.,normal
OP-0085,BATCH-084,2025-01-04T08:20:00Z,Manufacturing Operator,batch_check,Routine in-process verification completed.,normal
OP-0086,SYN-0084,2025-01-06T08:15:00Z,Manufacturing Operator,batch_check,Routine in-process verification completed.,normal
OP-0087,SYN-0085,2025-01-10T08:15:00Z,Manufacturing Operator,batch_check,Routine in-process verification completed.,normal
OP-0088,SYN-0086,2025-01-14T08:15:00Z,Manufacturing Operator,batch_check,Routine in-process verification completed.,normal
OP-0089,SYN-0087,2025-01-18T08:15:00Z,Manufacturing Operator,batch_check,Routine in-process verification completed.,normal
OP-0090,SYN-0088,2025-01-22T08:15:00Z,Manufacturing Operator,batch_check,Routine in-process verification completed.,normal
OP-0091,SYN-0089,2025-01-26T08:15:00Z,Manufacturing Operator,batch_check,Routine in-process verification completed.,normal
OP-0092,SYN-0090,2025-01-30T08:15:00Z,Manufacturing Operator,batch_check,Routine in-process verification completed.,normal
OP-0093,SYN-0091,2025-02-03T08:15:00Z,Manufacturing Operator,batch_check,Routine in-process verification completed.,normal
OP-0094,SYN-0092,2025-02-07T08:15:00Z,Manufacturing Operator,batch_check,Routine in-process verification completed.,normal
OP-0095,SYN-0093,2025-02-11T08:15:00Z,Manufacturing Operator,batch_check,Routine in-process verification completed.,normal
OP-0096,SYN-0094,2025-02-15T08:15:00Z,Manufacturing Operator,batch_check,Routine in-process verification completed.,normal
OP-0097,SYN-0095,2025-02-19T08:15:00Z,Manufacturing Operator,batch_check,Routine in-process verification completed.,normal
OP-0098,SYN-0096,2025-02-23T08:15:00Z,Manufacturing Operator,batch_check,Routine in-process verification completed.,normal
OP-0099,SYN-0097,2025-02-27T08:15:00Z,Manufacturing Operator,batch_check,Routine in-process verification completed.,normal
OP-0100,BATCH-099,2025-03-12T08:10:00Z,Manufacturing Operator,batch_check,Routine in-process verification completed.,normal
