event_id,batch_id,timestamp,equipment_id,parameter,value,expected_low,expected_high,severity,event_type,synthetic_reason
PROC-0001,SYN-0001,2024-02-09T09:00:00Z,VESSEL-01,process_temperature_delta,-0.9061,-2.0,2.0,normal,process_summary,normal variation
PROC-0002,SYN-0001,2024-02-09T10:00:00Z,PUMP-02,equipment_pressure_ratio,0.9714,0.9,1.1,normal,equipment_summary,normal variation
PROC-0003,SYN-0001,2024-02-09T09:30:00Z,AREA-CORE,differential_pressure_margin,0.8025,0.2,1.0,normal,environment_summary,normal variation
PROC-0004,SYN-0001,2024-02-09T11:30:00Z,VESSEL-01,hold_duration_margin,0.6423,0.0,1.0,normal,hold_summary,normal variation
PROC-0005,SYN-0002,2024-02-13T09:00:00Z,VESSEL-01,process_temperature_delta,0.5904,-2.0,2.0,normal,process_summary,normal variation
PROC-0006,SYN-0002,2024-02-13T10:00:00Z,PUMP-02,equipment_pressure_ratio,0.9802,0.9,1.1,normal,equipment_summary,normal variation
PROC-0007,SYN-0002,2024-02-13T09:30:00Z,AREA-CORE,differential_pressure_margin,0.6854,0.2,1.0,normal,environment_summary,normal variation
PROC-0008,SYN-0002,2024-02-13T11:30:00Z,VESSEL-01,hold_duration_margin,0.5832,0.0,1.0,normal,hold_summary,normal variation
PROC-0009,SYN-0003,2024-02-17T09:00:00Z,VESSEL-01,process_temperature_delta,-0.3749,-2.0,2.0,normal,process_summary,normal variation
PROC-0010,SYN-0003,2024-02-17T10:00:00Z,PUMP-02,equipment_pressure_ratio,0.9996,0.9,1.1,normal,equipment_summary,normal variation
PROC-0011,SYN-0003,2024-02-17T09:30:00Z,AREA-CORE,differential_pressure_margin,0.5206,0.2,1.0,normal,environment_summary,normal variation
PROC-0012,SYN-0003,2024-02-17T11:30:00Z,VESSEL-01,hold_duration_margin,0.4439,0.0,1.0,normal,hold_summary,normal variation
PROC-0013,SYN-0004,2024-02-21T09:00:00Z,VESSEL-01,process_temperature_delta,0.8103,-2.0,2.0,normal,process_summary,normal variation
PROC-0014,SYN-0004,2024-02-21T10:00:00Z,PUMP-02,equipment_pressure_ratio,1.0737,0.9,1.1,normal,equipment_summary,normal variation
PROC-0015,SYN-0004,2024-02-21T09:30:00Z,AREA-CORE,differential_pressure_margin,0.8553,0.2,1.0,normal,environment_summary,normal variation
PROC-0016,SYN-0004,2024-02-21T11:30:00Z,VESSEL-01,hold_duration_margin,0.3138,0.0,1.0,normal,hold_summary,normal variation
PROC-0017,SYN-0005,2024-02-25T09:00:00Z,VESSEL-01,process_temperature_delta,1.3663,-2.0,2.0,normal,process_summary,normal variation
PROC-0018,SYN-0005,2024-02-25T10:00:00Z,PUMP-02,equipment_pressure_ratio,1.053,0.9,1.1,normal,equipment_summary,normal variation
PROC-0019,SYN-0005,2024-02-25T09:30:00Z,AREA-CORE,differential_pressure_margin,0.8442,0.2,1.0,normal,environment_summary,normal variation
PROC-0020,SYN-0005,2024-02-25T11:30:00Z,VESSEL-01,hold_duration_margin,0.4628,0.0,1.0,normal,hold_summary,normal variation
PROC-0021,SYN-0006,2024-02-29T09:00:00Z,VESSEL-01,process_temperature_delta,-0.9639,-2.0,2.0,normal,process_summary,normal variation
PROC-0022,SYN-0006,2024-02-29T10:00:00Z,PUMP-02,equipment_pressure_ratio,0.9863,0.9,1.1,normal,equipment_summary,normal variation
PROC-0023,SYN-0006,2024-02-29T09:30:00Z,AREA-CORE,differential_pressure_margin,0.9233,0.2,1.0,normal,environment_summary,normal variation
PROC-0024,SYN-0006,2024-02-29T11:30:00Z,VESSEL-01,hold_duration_margin,0.9248,0.0,1.0,normal,hold_summary,near-limit normal hold-duration variation
PROC-0025,SYN-0007,2024-03-04T09:00:00Z,VESSEL-01,process_temperature_delta,0.508,-2.0,2.0,normal,process_summary,normal variation
PROC-0026,SYN-0007,2024-03-04T10:00:00Z,PUMP-02,equipment_pressure_ratio,0.9953,0.9,1.1,normal,equipment_summary,normal variation
PROC-0027,SYN-0007,2024-03-04T09:30:00Z,AREA-CORE,differential_pressure_margin,0.9692,0.2,1.0,low,environment_summary,normal variation
PROC-0028,SYN-0007,2024-03-04T11:30:00Z,VESSEL-01,hold_duration_margin,0.7265,0.0,1.0,normal,hold_summary,normal variation
PROC-0029,SYN-0008,2024-03-08T09:00:00Z,VESSEL-01,process_temperature_delta,1.9,-2.0,2.0,low,process_summary,normal variation
PROC-0030,SYN-0008,2024-03-08T10:00:00Z,PUMP-02,equipment_pressure_ratio,0.9696,0.9,1.1,normal,equipment_summary,normal variation
PROC-0031,SYN-0008,2024-03-08T09:30:00Z,AREA-CORE,differential_pressure_margin,0.9022,0.2,1.0,normal,environment_summary,normal variation
PROC-0032,SYN-0008,2024-03-08T11:30:00Z,VESSEL-01,hold_duration_margin,0.8022,0.0,1.0,normal,hold_summary,normal variation
PROC-0033,SYN-0009,2024-03-12T09:00:00Z,VESSEL-01,process_temperature_delta,-0.3699,-2.0,2.0,normal,process_summary,normal variation
PROC-0034,SYN-0009,2024-03-12T10:00:00Z,PUMP-02,equipment_pressure_ratio,1.0446,0.9,1.1,normal,equipment_summary,normal variation
PROC-0035,SYN-0009,2024-03-12T09:30:00Z,AREA-CORE,differential_pressure_margin,0.8662,0.2,1.0,normal,environment_summary,normal variation
PROC-0036,SYN-0009,2024-03-12T11:30:00Z,VESSEL-01,hold_duration_margin,0.9146,0.0,1.0,normal,hold_summary,near-limit normal hold-duration variation
PROC-0037,SYN-0010,2024-03-16T09:00:00Z,VESSEL-01,process_temperature_delta,0.4856,-2.0,2.0,normal,process_summary,normal variation
PROC-0038,SYN-0010,2024-03-16T10:00:00Z,PUMP-02,equipment_pressure_ratio,0.9528,0.9,1.1,normal,equipment_summary,normal variation
PROC-0039,SYN-0010,2024-03-16T09:30:00Z,AREA-CORE,differential_pressure_margin,0.7303,0.2,1.0,normal,environment_summary,normal variation
PROC-0040,SYN-0010,2024-03-16T11:30:00Z,VESSEL-01,hold_duration_margin,0.3265,0.0,1.0,normal,hold_summary,normal variation
PROC-0041,SYN-0011,2024-03-20T09:00:00Z,VESSEL-01,process_temperature_delta,0.1957,-2.0,2.0,normal,process_summary,normal variation
PROC-0042,SYN-0011,2024-03-20T10:00:00Z,PUMP-02,equipment_pressure_ratio,0.9907,0.9,1.1,normal,equipment_summary,normal variation
PROC-0043,SYN-0011,2024-03-20T09:30:00Z,AREA-CORE,differential_pressure_margin,0.734,0.2,1.0,normal,environment_summary,normal variation
PROC-0044,SYN-0011,2024-03-20T11:30:00Z,VESSEL-01,hold_duration_margin,0.984,0.0,1.0,low,hold_summary,near-limit normal hold-duration variation
PROC-0045,SYN-0012,2024-03-24T09:00:00Z,VESSEL-01,process_temperature_delta,0.8067,-2.0,2.0,normal,process_summary,normal variation
PROC-0046,SYN-0012,2024-03-24T10:00:00Z,PUMP-02,equipment_pressure_ratio,1.0666,0.9,1.1,normal,equipment_summary,normal variation
PROC-0047,SYN-0012,2024-03-24T09:30:00Z,AREA-CORE,differential_pressure_margin,0.7335,0.2,1.0,normal,environment_summary,normal variation
PROC-0048,SYN-0012,2024-03-24T11:30:00Z,VESSEL-01,hold_duration_margin,0.8827,0.0,1.0,normal,hold_summary,near-limit normal hold-duration variation
PROC-0049,SYN-0013,2024-03-28T09:00:00Z,VESSEL-01,process_temperature_delta,-0.5552,-2.0,2.0,normal,process_summary,normal variation
PROC-0050,SYN-0013,2024-03-28T10:00:00Z,PUMP-02,equipment_pressure_ratio,1.0011,0.9,1.1,normal,equipment_summary,normal variation
PROC-0051,SYN-0013,2024-03-28T09:30:00Z,AREA-CORE,differential_pressure_margin,0.4781,0.2,1.0,normal,environment_summary,normal variation
PROC-0052,SYN-0013,2024-03-28T11:30:00Z,VESSEL-01,hold_duration_margin,0.9107,0.0,1.0,normal,hold_summary,near-limit normal hold-duration variation
PROC-0053,SYN-0014,2024-04-01T09:00:00Z,VESSEL-01,process_temperature_delta,-0.5687,-2.0,2.0,normal,process_summary,normal variation
PROC-0054,SYN-0014,2024-04-01T10:00:00Z,PUMP-02,equipment_pressure_ratio,0.9234,0.9,1.1,normal,equipment_summary,normal variation
PROC-0055,SYN-0014,2024-04-01T09:30:00Z,AREA-CORE,differential_pressure_margin,0.8442,0.2,1.0,normal,environment_summary,normal variation
PROC-0056,SYN-0014,2024-04-01T11:30:00Z,VESSEL-01,hold_duration_margin,0.9813,0.0,1.0,low,hold_summary,near-limit normal hold-duration variation
PROC-0057,SYN-0015,2024-04-05T09:00:00Z,VESSEL-01,process_temperature_delta,-0.6394,-2.0,2.0,normal,process_summary,normal variation
PROC-0058,SYN-0015,2024-04-05T10:00:00Z,PUMP-02,equipment_pressure_ratio,1.24,0.9,1.1,high,equipment_summary,benign unrelated equipment alarm
PROC-0059,SYN-0015,2024-04-05T09:30:00Z,AREA-CORE,differential_pressure_margin,0.684,0.2,1.0,normal,environment_summary,normal variation
PROC-0060,SYN-0015,2024-04-05T11:30:00Z,VESSEL-01,hold_duration_margin,0.515,0.0,1.0,normal,hold_summary,normal variation
PROC-0061,SYN-0016,2024-04-09T09:00:00Z,VESSEL-01,process_temperature_delta,0.1147,-2.0,2.0,normal,process_summary,normal variation
PROC-0062,SYN-0016,2024-04-09T10:00:00Z,PUMP-02,equipment_pressure_ratio,1.0086,0.9,1.1,normal,equipment_summary,normal variation
PROC-0063,SYN-0016,2024-04-09T09:30:00Z,AREA-CORE,differential_pressure_margin,0.7478,0.2,1.0,normal,environment_summary,normal variation
PROC-0064,SYN-0016,2024-04-09T11:30:00Z,VESSEL-01,hold_duration_margin,0.924,0.0,1.0,normal,hold_summary,near-limit normal hold-duration variation
PROC-0065,SYN-0017,2024-04-13T09:00:00Z,VESSEL-01,process_temperature_delta,0.7566,-2.0,2.0,normal,process_summary,normal variation
PROC-0066,SYN-0017,2024-04-13T10:00:00Z,PUMP-02,equipment_pressure_ratio,1.0012,0.9,1.1,normal,equipment_summary,normal variation
PROC-0067,SYN-0017,2024-04-13T09:30:00Z,AREA-CORE,differential_pressure_margin,0.8635,0.2,1.0,normal,environment_summary,normal variation
PROC-0068,SYN-0017,2024-04-13T11:30:00Z,VESSEL-01,hold_duration_margin,0.5042,0.0,1.0,normal,hold_summary,normal variation
PROC-0069,SYN-0018,2024-04-17T09:00:00Z,VESSEL-01,process_temperature_delta,-0.3278,-2.0,2.0,normal,process_summary,normal variation
PROC-0070,SYN-0018,2024-04-17T10:00:00Z,PUMP-02,equipment_pressure_ratio,1.0395,0.9,1.1,normal,equipment_summary,normal variation
PROC-0071,SYN-0018,2024-04-17T09:30:00Z,AREA-CORE,differential_pressure_margin,0.5669,0.2,1.0,normal,environment_summary,normal variation
PROC-0072,SYN-0018,2024-04-17T11:30:00Z,VESSEL-01,hold_duration_margin,0.2866,0.0,1.0,normal,hold_summary,normal variation
PROC-0073,SYN-0019,2024-04-21T09:00:00Z,VESSEL-01,process_temperature_delta,0.4254,-2.0,2.0,normal,process_summary,normal variation
PROC-0074,SYN-0019,2024-04-21T10:00:00Z,PUMP-02,equipment_pressure_ratio,1.0072,0.9,1.1,normal,equipment_summary,normal variation
PROC-0075,SYN-0019,2024-04-21T09:30:00Z,AREA-CORE,differential_pressure_margin,0.4678,0.2,1.0,normal,environment_summary,normal variation
PROC-0076,SYN-0019,2024-04-21T11:30:00Z,VESSEL-01,hold_duration_margin,0.3441,0.0,1.0,normal,hold_summary,normal variation
PROC-0077,SYN-0020,2024-04-25T09:00:00Z,VESSEL-01,process_temperature_delta,-0.6666,-2.0,2.0,normal,process_summary,normal variation
PROC-0078,SYN-0020,2024-04-25T10:00:00Z,PUMP-02,equipment_pressure_ratio,1.0614,0.9,1.1,normal,equipment_summary,normal variation
PROC-0079,SYN-0020,2024-04-25T09:30:00Z,AREA-CORE,differential_pressure_margin,0.7488,0.2,1.0,normal,environment_summary,normal variation
PROC-0080,SYN-0020,2024-04-25T11:30:00Z,VESSEL-01,hold_duration_margin,0.9317,0.0,1.0,normal,hold_summary,near-limit normal hold-duration variation
PROC-0081,SYN-0021,2024-04-29T09:00:00Z,VESSEL-01,process_temperature_delta,-0.2028,-2.0,2.0,normal,process_summary,normal variation
PROC-0082,SYN-0021,2024-04-29T10:00:00Z,PUMP-02,equipment_pressure_ratio,0.9291,0.9,1.1,normal,equipment_summary,normal variation
PROC-0083,SYN-0021,2024-04-29T09:30:00Z,AREA-CORE,differential_pressure_margin,0.918,0.2,1.0,normal,environment_summary,normal variation
PROC-0084,SYN-0021,2024-04-29T11:30:00Z,VESSEL-01,hold_duration_margin,0.5799,0.0,1.0,normal,hold_summary,normal variation
PROC-0085,SYN-0022,2024-05-03T09:00:00Z,VESSEL-01,process_temperature_delta,-0.5661,-2.0,2.0,normal,process_summary,normal variation
PROC-0086,SYN-0022,2024-05-03T10:00:00Z,PUMP-02,equipment_pressure_ratio,0.9988,0.9,1.1,normal,equipment_summary,normal variation
PROC-0087,SYN-0022,2024-05-03T09:30:00Z,AREA-CORE,differential_pressure_margin,0.9509,0.2,1.0,normal,environment_summary,normal variation
PROC-0088,SYN-0022,2024-05-03T11:30:00Z,VESSEL-01,hold_duration_margin,0.6123,0.0,1.0,normal,hold_summary,normal variation
PROC-0089,SYN-0023,2024-05-07T09:00:00Z,VESSEL-01,process_temperature_delta,-0.8555,-2.0,2.0,normal,process_summary,normal variation
PROC-0090,SYN-0023,2024-05-07T10:00:00Z,PUMP-02,equipment_pressure_ratio,0.9529,0.9,1.1,normal,equipment_summary,normal variation
PROC-0091,SYN-0023,2024-05-07T09:30:00Z,AREA-CORE,differential_pressure_margin,0.802,0.2,1.0,normal,environment_summary,normal variation
PROC-0092,SYN-0023,2024-05-07T11:30:00Z,VESSEL-01,hold_duration_margin,0.4523,0.0,1.0,normal,hold_summary,normal variation
PROC-0093,SYN-0024,2024-05-11T09:00:00Z,VESSEL-01,process_temperature_delta,0.1689,-2.0,2.0,normal,process_summary,normal variation
PROC-0094,SYN-0024,2024-05-11T10:00:00Z,PUMP-02,equipment_pressure_ratio,1.0528,0.9,1.1,normal,equipment_summary,normal variation
PROC-0095,SYN-0024,2024-05-11T09:30:00Z,AREA-CORE,differential_pressure_margin,0.7355,0.2,1.0,normal,environment_summary,normal variation
PROC-0096,SYN-0024,2024-05-11T11:30:00Z,VESSEL-01,hold_duration_margin,0.4925,0.0,1.0,normal,hold_summary,normal variation
PROC-0097,SYN-0025,2024-05-15T09:00:00Z,VESSEL-01,process_temperature_delta,-0.5555,-2.0,2.0,normal,process_summary,normal variation
PROC-0098,SYN-0025,2024-05-15T10:00:00Z,PUMP-02,equipment_pressure_ratio,1.0422,0.9,1.1,normal,equipment_summary,normal variation
PROC-0099,SYN-0025,2024-05-15T09:30:00Z,AREA-CORE,differential_pressure_margin,0.8453,0.2,1.0,normal,environment_summary,normal variation
PROC-0100,SYN-0025,2024-05-15T11:30:00Z,VESSEL-01,hold_duration_margin,0.8997,0.0,1.0,normal,hold_summary,near-limit normal hold-duration variation
PROC-0101,SYN-0026,2024-05-19T09:00:00Z,VESSEL-01,process_temperature_delta,0.6554,-2.0,2.0,normal,process_summary,normal variation
PROC-0102,SYN-0026,2024-05-19T10:00:00Z,PUMP-02,equipment_pressure_ratio,1.0521,0.9,1.1,normal,equipment_summary,normal variation
PROC-0103,SYN-0026,2024-05-19T09:30:00Z,AREA-CORE,differential_pressure_margin,0.742,0.2,1.0,normal,environment_summary,normal variation
PROC-0104,SYN-0026,2024-05-19T11:30:00Z,VESSEL-01,hold_duration_margin,0.6025,0.0,1.0,normal,hold_summary,normal variation
PROC-0105,SYN-0027,2024-05-23T09:00:00Z,VESSEL-01,process_temperature_delta,-0.5987,-2.0,2.0,normal,process_summary,normal variation
PROC-0106,SYN-0027,2024-05-23T10:00:00Z,PUMP-02,equipment_pressure_ratio,0.9853,0.9,1.1,normal,equipment_summary,normal variation
PROC-0107,SYN-0027,2024-05-23T09:30:00Z,AREA-CORE,differential_pressure_margin,0.6643,0.2,1.0,normal,environment_summary,normal variation
PROC-0108,SYN-0027,2024-05-23T11:30:00Z,VESSEL-01,hold_duration_margin,0.2906,0.0,1.0,normal,hold_summary,normal variation
PROC-0109,SYN-0028,2024-05-27T09:00:00Z,VESSEL-01,process_temperature_delta,-0.0768,-2.0,2.0,normal,process_summary,normal variation
PROC-0110,SYN-0028,2024-05-27T10:00:00Z,PUMP-02,equipment_pressure_ratio,1.0175,0.9,1.1,normal,equipment_summary,normal variation
PROC-0111,SYN-0028,2024-05-27T09:30:00Z,AREA-CORE,differential_pressure_margin,0.8141,0.2,1.0,normal,environment_summary,normal variation
PROC-0112,SYN-0028,2024-05-27T11:30:00Z,VESSEL-01,hold_duration_margin,0.8844,0.0,1.0,normal,hold_summary,near-limit normal hold-duration variation
PROC-0113,SYN-0029,2024-05-31T09:00:00Z,VESSEL-01,process_temperature_delta,0.2265,-2.0,2.0,normal,process_summary,normal variation
PROC-0114,SYN-0029,2024-05-31T10:00:00Z,PUMP-02,equipment_pressure_ratio,1.0272,0.9,1.1,normal,equipment_summary,normal variation
PROC-0115,SYN-0029,2024-05-31T09:30:00Z,AREA-CORE,differential_pressure_margin,0.6425,0.2,1.0,normal,environment_summary,normal variation
PROC-0116,SYN-0029,2024-05-31T11:30:00Z,VESSEL-01,hold_duration_margin,0.7888,0.0,1.0,normal,hold_summary,normal variation
PROC-0117,SYN-0030,2024-06-04T09:00:00Z,VESSEL-01,process_temperature_delta,0.4633,-2.0,2.0,normal,process_summary,normal variation
PROC-0118,SYN-0030,2024-06-04T10:00:00Z,PUMP-02,equipment_pressure_ratio,1.0088,0.9,1.1,normal,equipment_summary,normal variation
PROC-0119,SYN-0030,2024-06-04T09:30:00Z,AREA-CORE,differential_pressure_margin,0.9281,0.2,1.0,normal,environment_summary,normal variation
PROC-0120,SYN-0030,2024-06-04T11:30:00Z,VESSEL-01,hold_duration_margin,0.7056,0.0,1.0,normal,hold_summary,normal variation
PROC-0121,SYN-0031,2024-06-08T09:00:00Z,VESSEL-01,process_temperature_delta,-0.5179,-2.0,2.0,normal,process_summary,normal variation
PROC-0122,SYN-0031,2024-06-08T10:00:00Z,PUMP-02,equipment_pressure_ratio,1.0173,0.9,1.1,normal,equipment_summary,normal variation
PROC-0123,SYN-0031,2024-06-08T09:30:00Z,AREA-CORE,differential_pressure_margin,0.9529,0.2,1.0,low,environment_summary,normal variation
PROC-0124,SYN-0031,2024-06-08T11:30:00Z,VESSEL-01,hold_duration_margin,0.737,0.0,1.0,normal,hold_summary,normal variation
PROC-0125,SYN-0032,2024-06-12T09:00:00Z,VESSEL-01,process_temperature_delta,-0.1747,-2.0,2.0,normal,process_summary,normal variation
PROC-0126,SYN-0032,2024-06-12T10:00:00Z,PUMP-02,equipment_pressure_ratio,1.0204,0.9,1.1,normal,equipment_summary,normal variation
PROC-0127,SYN-0032,2024-06-12T09:30:00Z,AREA-CORE,differential_pressure_margin,0.8942,0.2,1.0,normal,environment_summary,normal variation
PROC-0128,SYN-0032,2024-06-12T11:30:00Z,VESSEL-01,hold_duration_margin,0.2749,0.0,1.0,normal,hold_summary,normal variation
PROC-0129,SYN-0033,2024-06-16T09:00:00Z,VESSEL-01,process_temperature_delta,-0.9686,-2.0,2.0,normal,process_summary,normal variation
PROC-0130,SYN-0033,2024-06-16T10:00:00Z,PUMP-02,equipment_pressure_ratio,0.9802,0.9,1.1,normal,equipment_summary,normal variation
PROC-0131,SYN-0033,2024-06-16T09:30:00Z,AREA-CORE,differential_pressure_margin,0.8552,0.2,1.0,normal,environment_summary,normal variation
PROC-0132,SYN-0033,2024-06-16T11:30:00Z,VESSEL-01,hold_duration_margin,0.3838,0.0,1.0,normal,hold_summary,normal variation
PROC-0133,SYN-0034,2024-06-20T09:00:00Z,VESSEL-01,process_temperature_delta,0.4656,-2.0,2.0,normal,process_summary,normal variation
PROC-0134,SYN-0034,2024-06-20T10:00:00Z,PUMP-02,equipment_pressure_ratio,1.0341,0.9,1.1,normal,equipment_summary,normal variation
PROC-0135,SYN-0034,2024-06-20T09:30:00Z,AREA-CORE,differential_pressure_margin,0.8977,0.2,1.0,normal,environment_summary,normal variation
PROC-0136,SYN-0034,2024-06-20T11:30:00Z,VESSEL-01,hold_duration_margin,0.9758,0.0,1.0,low,hold_summary,near-limit normal hold-duration variation
PROC-0137,SYN-0035,2024-06-24T09:00:00Z,VESSEL-01,process_temperature_delta,-0.3144,-2.0,2.0,normal,process_summary,normal variation
PROC-0138,SYN-0035,2024-06-24T10:00:00Z,PUMP-02,equipment_pressure_ratio,1.0132,0.9,1.1,normal,equipment_summary,normal variation
PROC-0139,SYN-0035,2024-06-24T09:30:00Z,AREA-CORE,differential_pressure_margin,0.846,0.2,1.0,normal,environment_summary,normal variation
PROC-0140,SYN-0035,2024-06-24T11:30:00Z,VESSEL-01,hold_duration_margin,0.5776,0.0,1.0,normal,hold_summary,normal variation
PROC-0141,SYN-0036,2024-06-28T09:00:00Z,VESSEL-01,process_temperature_delta,0.0371,-2.0,2.0,normal,process_summary,normal variation
PROC-0142,SYN-0036,2024-06-28T10:00:00Z,PUMP-02,equipment_pressure_ratio,0.9403,0.9,1.1,normal,equipment_summary,normal variation
PROC-0143,SYN-0036,2024-06-28T09:30:00Z,AREA-CORE,differential_pressure_margin,0.9368,0.2,1.0,normal,environment_summary,normal variation
PROC-0144,SYN-0036,2024-06-28T11:30:00Z,VESSEL-01,hold_duration_margin,0.8843,0.0,1.0,normal,hold_summary,near-limit normal hold-duration variation
PROC-0145,SYN-0037,2024-07-02T09:00:00Z,VESSEL-01,process_temperature_delta,-0.1568,-2.0,2.0,normal,process_summary,normal variation
PROC-0146,SYN-0037,2024-07-02T10:00:00Z,PUMP-02,equipment_pressure_ratio,1.0721,0.9,1.1,normal,equipment_summary,normal variation
PROC-0147,SYN-0037,2024-07-02T09:30:00Z,AREA-CORE,differential_pressure_margin,0.8683,0.2,1.0,normal,environment_summary,normal variation
PROC-0148,SYN-0037,2024-07-02T11:30:00Z,VESSEL-01,hold_duration_margin,0.6799,0.0,1.0,normal,hold_summary,normal variation
PROC-0149,SYN-0038,2024-07-06T09:00:00Z,VESSEL-01,process_temperature_delta,-0.6487,-2.0,2.0,normal,process_summary,normal variation
PROC-0150,SYN-0038,2024-07-06T10:00:00Z,PUMP-02,equipment_pressure_ratio,1.0339,0.9,1.1,normal,equipment_summary,normal variation
PROC-0151,SYN-0038,2024-07-06T09:30:00Z,AREA-CORE,differential_pressure_margin,0.7532,0.2,1.0,normal,environment_summary,normal variation
PROC-0152,SYN-0038,2024-07-06T11:30:00Z,VESSEL-01,hold_duration_margin,0.9837,0.0,1.0,low,hold_summary,near-limit normal hold-duration variation
PROC-0153,SYN-0039,2024-07-10T09:00:00Z,VESSEL-01,process_temperature_delta,0.7507,-2.0,2.0,normal,process_summary,normal variation
PROC-0154,SYN-0039,2024-07-10T10:00:00Z,PUMP-02,equipment_pressure_ratio,0.9893,0.9,1.1,normal,equipment_summary,normal variation
PROC-0155,SYN-0039,2024-07-10T09:30:00Z,AREA-CORE,differential_pressure_margin,0.7618,0.2,1.0,normal,environment_summary,normal variation
PROC-0156,SYN-0039,2024-07-10T11:30:00Z,VESSEL-01,hold_duration_margin,0.4095,0.0,1.0,normal,hold_summary,normal variation
PROC-0157,SYN-0040,2024-07-14T09:00:00Z,VESSEL-01,process_temperature_delta,1.0972,-2.0,2.0,normal,process_summary,normal variation
PROC-0158,SYN-0040,2024-07-14T10:00:00Z,PUMP-02,equipment_pressure_ratio,0.9794,0.9,1.1,normal,equipment_summary,normal variation
PROC-0159,SYN-0040,2024-07-14T09:30:00Z,AREA-CORE,differential_pressure_margin,0.5643,0.2,1.0,normal,environment_summary,normal variation
PROC-0160,SYN-0040,2024-07-14T11:30:00Z,VESSEL-01,hold_duration_margin,0.2788,0.0,1.0,normal,hold_summary,normal variation
PROC-0161,SYN-0041,2024-07-18T09:00:00Z,VESSEL-01,process_temperature_delta,1.6087,-2.0,2.0,normal,process_summary,normal variation
PROC-0162,SYN-0041,2024-07-18T10:00:00Z,PUMP-02,equipment_pressure_ratio,1.0435,0.9,1.1,normal,equipment_summary,normal variation
PROC-0163,SYN-0041,2024-07-18T09:30:00Z,AREA-CORE,differential_pressure_margin,0.7007,0.2,1.0,normal,environment_summary,normal variation
PROC-0164,SYN-0041,2024-07-18T11:30:00Z,VESSEL-01,hold_duration_margin,0.4013,0.0,1.0,normal,hold_summary,normal variation
PROC-0165,SYN-0042,2024-07-22T09:00:00Z,VESSEL-01,process_temperature_delta,0.6569,-2.0,2.0,normal,process_summary,normal variation
PROC-0166,SYN-0042,2024-07-22T10:00:00Z,PUMP-02,equipment_pressure_ratio,1.0149,0.9,1.1,normal,equipment_summary,normal variation
PROC-0167,SYN-0042,2024-07-22T09:30:00Z,AREA-CORE,differential_pressure_margin,0.753,0.2,1.0,normal,environment_summary,normal variation
PROC-0168,SYN-0042,2024-07-22T11:30:00Z,VESSEL-01,hold_duration_margin,0.2919,0.0,1.0,normal,hold_summary,normal variation
PROC-0169,SYN-0043,2024-07-26T09:00:00Z,VESSEL-01,process_temperature_delta,0.4126,-2.0,2.0,normal,process_summary,normal variation
PROC-0170,SYN-0043,2024-07-26T10:00:00Z,PUMP-02,equipment_pressure_ratio,0.9596,0.9,1.1,normal,equipment_summary,normal variation
PROC-0171,SYN-0043,2024-07-26T09:30:00Z,AREA-CORE,differential_pressure_margin,0.8072,0.2,1.0,normal,environment_summary,normal variation
PROC-0172,SYN-0043,2024-07-26T11:30:00Z,VESSEL-01,hold_duration_margin,0.4859,0.0,1.0,normal,hold_summary,normal variation
PROC-0173,SYN-0044,2024-07-30T09:00:00Z,VESSEL-01,process_temperature_delta,0.7669,-2.0,2.0,normal,process_summary,normal variation
PROC-0174,SYN-0044,2024-07-30T10:00:00Z,PUMP-02,equipment_pressure_ratio,0.9879,0.9,1.1,normal,equipment_summary,normal variation
PROC-0175,SYN-0044,2024-07-30T09:30:00Z,AREA-CORE,differential_pressure_margin,0.6072,0.2,1.0,normal,environment_summary,normal variation
PROC-0176,SYN-0044,2024-07-30T11:30:00Z,VESSEL-01,hold_duration_margin,0.9265,0.0,1.0,normal,hold_summary,near-limit normal hold-duration variation
PROC-0177,SYN-0045,2024-08-03T09:00:00Z,VESSEL-01,process_temperature_delta,-0.1017,-2.0,2.0,normal,process_summary,normal variation
PROC-0178,SYN-0045,2024-08-03T10:00:00Z,PUMP-02,equipment_pressure_ratio,1.0638,0.9,1.1,normal,equipment_summary,normal variation
PROC-0179,SYN-0045,2024-08-03T09:30:00Z,AREA-CORE,differential_pressure_margin,0.9673,0.2,1.0,low,environment_summary,normal variation
PROC-0180,SYN-0045,2024-08-03T11:30:00Z,VESSEL-01,hold_duration_margin,0.9712,0.0,1.0,low,hold_summary,near-limit normal hold-duration variation
PROC-0181,SYN-0046,2024-08-07T09:00:00Z,VESSEL-01,process_temperature_delta,-0.679,-2.0,2.0,normal,process_summary,normal variation
PROC-0182,SYN-0046,2024-08-07T10:00:00Z,PUMP-02,equipment_pressure_ratio,1.0408,0.9,1.1,normal,equipment_summary,normal variation
PROC-0183,SYN-0046,2024-08-07T09:30:00Z,AREA-CORE,differential_pressure_margin,0.9271,0.2,1.0,normal,environment_summary,normal variation
PROC-0184,SYN-0046,2024-08-07T11:30:00Z,VESSEL-01,hold_duration_margin,0.9541,0.0,1.0,low,hold_summary,near-limit normal hold-duration variation
PROC-0185,SYN-0047,2024-08-11T09:00:00Z,VESSEL-01,process_temperature_delta,0.9043,-2.0,2.0,normal,process_summary,normal variation
PROC-0186,SYN-0047,2024-08-11T10:00:00Z,PUMP-02,equipment_pressure_ratio,1.0117,0.9,1.1,normal,equipment_summary,normal variation
PROC-0187,SYN-0047,2024-08-11T09:30:00Z,AREA-CORE,differential_pressure_margin,0.5551,0.2,1.0,normal,environment_summary,normal variation
PROC-0188,SYN-0047,2024-08-11T11:30:00Z,VESSEL-01,hold_duration_margin,0.9118,0.0,1.0,normal,hold_summary,near-limit normal hold-duration variation
PROC-0189,SYN-0048,2024-08-15T09:00:00Z,VESSEL-01,process_temperature_delta,0.5447,-2.0,2.0,normal,process_summary,normal variation
PROC-0190,SYN-0048,2024-08-15T10:00:00Z,PUMP-02,equipment_pressure_ratio,1.0041,0.9,1.1,normal,equipment_summary,normal variation
PROC-0191,SYN-0048,2024-08-15T09:30:00Z,AREA-CORE,differential_pressure_margin,0.6899,0.2,1.0,normal,environment_summary,normal variation
PROC-0192,SYN-0048,2024-08-15T11:30:00Z,VESSEL-01,hold_duration_margin,0.3002,0.0,1.0,normal,hold_summary,normal variation
PROC-0193,SYN-0049,2024-08-19T09:00:00Z,VESSEL-01,process_temperature_delta,-0.3838,-2.0,2.0,normal,process_summary,normal variation
PROC-0194,SYN-0049,2024-08-19T10:00:00Z,PUMP-02,equipment_pressure_ratio,0.9908,0.9,1.1,normal,equipment_summary,normal variation
PROC-0195,SYN-0049,2024-08-19T09:30:00Z,AREA-CORE,differential_pressure_margin,0.9352,0.2,1.0,normal,environment_summary,normal variation
PROC-0196,SYN-0049,2024-08-19T11:30:00Z,VESSEL-01,hold_duration_margin,0.9463,0.0,1.0,low,hold_summary,near-limit normal hold-duration variation
PROC-0197,SYN-0050,2024-08-23T09:00:00Z,VESSEL-01,process_temperature_delta,-0.4848,-2.0,2.0,normal,process_summary,normal variation
PROC-0198,SYN-0050,2024-08-23T10:00:00Z,PUMP-02,equipment_pressure_ratio,0.9823,0.9,1.1,normal,equipment_summary,normal variation
PROC-0199,SYN-0050,2024-08-23T09:30:00Z,AREA-CORE,differential_pressure_margin,0.9001,0.2,1.0,normal,environment_summary,normal variation
PROC-0200,SYN-0050,2024-08-23T11:30:00Z,VESSEL-01,hold_duration_margin,0.4136,0.0,1.0,normal,hold_summary,normal variation
PROC-0201,SYN-0051,2024-08-27T09:00:00Z,VESSEL-01,process_temperature_delta,-1.3463,-2.0,2.0,normal,process_summary,normal variation
PROC-0202,SYN-0051,2024-08-27T10:00:00Z,PUMP-02,equipment_pressure_ratio,1.0597,0.9,1.1,normal,equipment_summary,normal variation
PROC-0203,SYN-0051,2024-08-27T09:30:00Z,AREA-CORE,differential_pressure_margin,0.7327,0.2,1.0,normal,environment_summary,normal variation
PROC-0204,SYN-0051,2024-08-27T11:30:00Z,VESSEL-01,hold_duration_margin,0.3912,0.0,1.0,normal,hold_summary,normal variation
PROC-0205,SYN-0052,2024-08-31T09:00:00Z,VESSEL-01,process_temperature_delta,-0.3575,-2.0,2.0,normal,process_summary,normal variation
PROC-0206,SYN-0052,2024-08-31T10:00:00Z,PUMP-02,equipment_pressure_ratio,1.0174,0.9,1.1,normal,equipment_summary,normal variation
PROC-0207,SYN-0052,2024-08-31T09:30:00Z,AREA-CORE,differential_pressure_margin,0.8229,0.2,1.0,normal,environment_summary,normal variation
PROC-0208,SYN-0052,2024-08-31T11:30:00Z,VESSEL-01,hold_duration_margin,0.2965,0.0,1.0,normal,hold_summary,normal variation
PROC-0209,SYN-0053,2024-09-04T09:00:00Z,VESSEL-01,process_temperature_delta,-1.1837,-2.0,2.0,normal,process_summary,normal variation
PROC-0210,SYN-0053,2024-09-04T10:00:00Z,PUMP-02,equipment_pressure_ratio,0.9962,0.9,1.1,normal,equipment_summary,normal variation
PROC-0211,SYN-0053,2024-09-04T09:30:00Z,AREA-CORE,differential_pressure_margin,0.8046,0.2,1.0,normal,environment_summary,normal variation
PROC-0212,SYN-0053,2024-09-04T11:30:00Z,VESSEL-01,hold_duration_margin,0.4567,0.0,1.0,normal,hold_summary,normal variation
PROC-0213,SYN-0054,2024-09-08T09:00:00Z,VESSEL-01,process_temperature_delta,0.6135,-2.0,2.0,normal,process_summary,normal variation
PROC-0214,SYN-0054,2024-09-08T10:00:00Z,PUMP-02,equipment_pressure_ratio,0.966,0.9,1.1,normal,equipment_summary,normal variation
PROC-0215,SYN-0054,2024-09-08T09:30:00Z,AREA-CORE,differential_pressure_margin,0.8977,0.2,1.0,normal,environment_summary,normal variation
PROC-0216,SYN-0054,2024-09-08T11:30:00Z,VESSEL-01,hold_duration_margin,0.6061,0.0,1.0,normal,hold_summary,normal variation
PROC-0217,SYN-0055,2024-09-12T09:00:00Z,VESSEL-01,process_temperature_delta,-0.569,-2.0,2.0,normal,process_summary,normal variation
PROC-0218,SYN-0055,2024-09-12T10:00:00Z,PUMP-02,equipment_pressure_ratio,1.0171,0.9,1.1,normal,equipment_summary,normal variation
PROC-0219,SYN-0055,2024-09-12T09:30:00Z,AREA-CORE,differential_pressure_margin,0.9018,0.2,1.0,normal,environment_summary,normal variation
PROC-0220,SYN-0055,2024-09-12T11:30:00Z,VESSEL-01,hold_duration_margin,0.922,0.0,1.0,normal,hold_summary,near-limit normal hold-duration variation
PROC-0221,SYN-0056,2024-09-16T09:00:00Z,VESSEL-01,process_temperature_delta,1.1422,-2.0,2.0,normal,process_summary,normal variation
PROC-0222,SYN-0056,2024-09-16T10:00:00Z,PUMP-02,equipment_pressure_ratio,1.0419,0.9,1.1,normal,equipment_summary,normal variation
PROC-0223,SYN-0056,2024-09-16T09:30:00Z,AREA-CORE,differential_pressure_margin,0.8719,0.2,1.0,normal,environment_summary,normal variation
PROC-0224,SYN-0056,2024-09-16T11:30:00Z,VESSEL-01,hold_duration_margin,0.4701,0.0,1.0,normal,hold_summary,normal variation
PROC-0225,SYN-0057,2024-09-20T09:00:00Z,VESSEL-01,process_temperature_delta,0.2169,-2.0,2.0,normal,process_summary,normal variation
PROC-0226,SYN-0057,2024-09-20T10:00:00Z,PUMP-02,equipment_pressure_ratio,1.0043,0.9,1.1,normal,equipment_summary,normal variation
PROC-0227,SYN-0057,2024-09-20T09:30:00Z,AREA-CORE,differential_pressure_margin,0.8524,0.2,1.0,normal,environment_summary,normal variation
PROC-0228,SYN-0057,2024-09-20T11:30:00Z,VESSEL-01,hold_duration_margin,0.3859,0.0,1.0,normal,hold_summary,normal variation
PROC-0229,SYN-0058,2024-09-24T09:00:00Z,VESSEL-01,process_temperature_delta,1.4435,-2.0,2.0,normal,process_summary,normal variation
PROC-0230,SYN-0058,2024-09-24T10:00:00Z,PUMP-02,equipment_pressure_ratio,1.0486,0.9,1.1,normal,equipment_summary,normal variation
PROC-0231,SYN-0058,2024-09-24T09:30:00Z,AREA-CORE,differential_pressure_margin,0.605,0.2,1.0,normal,environment_summary,normal variation
PROC-0232,SYN-0058,2024-09-24T11:30:00Z,VESSEL-01,hold_duration_margin,0.5659,0.0,1.0,normal,hold_summary,normal variation
PROC-0233,SYN-0059,2024-09-28T09:00:00Z,VESSEL-01,process_temperature_delta,0.4439,-2.0,2.0,normal,process_summary,normal variation
PROC-0234,SYN-0059,2024-09-28T10:00:00Z,PUMP-02,equipment_pressure_ratio,0.9735,0.9,1.1,normal,equipment_summary,normal variation
PROC-0235,SYN-0059,2024-09-28T09:30:00Z,AREA-CORE,differential_pressure_margin,0.9279,0.2,1.0,normal,environment_summary,normal variation
PROC-0236,SYN-0059,2024-09-28T11:30:00Z,VESSEL-01,hold_duration_margin,0.9588,0.0,1.0,low,hold_summary,near-limit normal hold-duration variation
PROC-0237,SYN-0060,2024-10-02T09:00:00Z,VESSEL-01,process_temperature_delta,0.3704,-2.0,2.0,normal,process_summary,normal variation
PROC-0238,SYN-0060,2024-10-02T10:00:00Z,PUMP-02,equipment_pressure_ratio,0.9765,0.9,1.1,normal,equipment_summary,normal variation
PROC-0239,SYN-0060,2024-10-02T09:30:00Z,AREA-CORE,differential_pressure_margin,0.425,0.2,1.0,normal,environment_summary,normal variation
PROC-0240,SYN-0060,2024-10-02T11:30:00Z,VESSEL-01,hold_duration_margin,0.7599,0.0,1.0,normal,hold_summary,normal variation
PROC-0241,SYN-0061,2024-10-06T09:00:00Z,VESSEL-01,process_temperature_delta,1.0931,-2.0,2.0,normal,process_summary,normal variation
PROC-0242,SYN-0061,2024-10-06T10:00:00Z,PUMP-02,equipment_pressure_ratio,0.9475,0.9,1.1,normal,equipment_summary,normal variation
PROC-0243,SYN-0061,2024-10-06T09:30:00Z,AREA-CORE,differential_pressure_margin,0.6984,0.2,1.0,normal,environment_summary,normal variation
PROC-0244,SYN-0061,2024-10-06T11:30:00Z,VESSEL-01,hold_duration_margin,0.7696,0.0,1.0,normal,hold_summary,normal variation
PROC-0245,SYN-0062,2024-10-10T09:00:00Z,VESSEL-01,process_temperature_delta,0.3192,-2.0,2.0,normal,process_summary,normal variation
PROC-0246,SYN-0062,2024-10-10T10:00:00Z,PUMP-02,equipment_pressure_ratio,1.0183,0.9,1.1,normal,equipment_summary,normal variation
PROC-0247,SYN-0062,2024-10-10T09:30:00Z,AREA-CORE,differential_pressure_margin,0.9128,0.2,1.0,normal,environment_summary,normal variation
PROC-0248,SYN-0062,2024-10-10T11:30:00Z,VESSEL-01,hold_duration_margin,0.4614,0.0,1.0,normal,hold_summary,normal variation
PROC-0249,SYN-0063,2024-10-14T09:00:00Z,VESSEL-01,process_temperature_delta,0.0856,-2.0,2.0,normal,process_summary,normal variation
PROC-0250,SYN-0063,2024-10-14T10:00:00Z,PUMP-02,equipment_pressure_ratio,0.9827,0.9,1.1,normal,equipment_summary,normal variation
PROC-0251,SYN-0063,2024-10-14T09:30:00Z,AREA-CORE,differential_pressure_margin,0.9241,0.2,1.0,normal,environment_summary,normal variation
PROC-0252,SYN-0063,2024-10-14T11:30:00Z,VESSEL-01,hold_duration_margin,0.7319,0.0,1.0,normal,hold_summary,normal variation
PROC-0253,SYN-0064,2024-10-18T09:00:00Z,VESSEL-01,process_temperature_delta,1.094,-2.0,2.0,normal,process_summary,normal variation
PROC-0254,SYN-0064,2024-10-18T10:00:00Z,PUMP-02,equipment_pressure_ratio,0.9942,0.9,1.1,normal,equipment_summary,normal variation
PROC-0255,SYN-0064,2024-10-18T09:30:00Z,AREA-CORE,differential_pressure_margin,0.7615,0.2,1.0,normal,environment_summary,normal variation
PROC-0256,SYN-0064,2024-10-18T11:30:00Z,VESSEL-01,hold_duration_margin,0.5164,0.0,1.0,normal,hold_summary,normal variation
PROC-0257,SYN-0065,2024-10-22T09:00:00Z,VESSEL-01,process_temperature_delta,-0.0348,-2.0,2.0,normal,process_summary,normal variation
PROC-0258,SYN-0065,2024-10-22T10:00:00Z,PUMP-02,equipment_pressure_ratio,0.9818,0.9,1.1,normal,equipment_summary,normal variation
PROC-0259,SYN-0065,2024-10-22T09:30:00Z,AREA-CORE,differential_pressure_margin,0.8201,0.2,1.0,normal,environment_summary,normal variation
PROC-0260,SYN-0065,2024-10-22T11:30:00Z,VESSEL-01,hold_duration_margin,0.3235,0.0,1.0,normal,hold_summary,normal variation
PROC-0261,SYN-0066,2024-10-26T09:00:00Z,VESSEL-01,process_temperature_delta,-0.3044,-2.0,2.0,normal,process_summary,normal variation
PROC-0262,SYN-0066,2024-10-26T10:00:00Z,PUMP-02,equipment_pressure_ratio,0.9943,0.9,1.1,normal,equipment_summary,normal variation
PROC-0263,SYN-0066,2024-10-26T09:30:00Z,AREA-CORE,differential_pressure_margin,0.7224,0.2,1.0,normal,environment_summary,normal variation
PROC-0264,SYN-0066,2024-10-26T11:30:00Z,VESSEL-01,hold_duration_margin,0.7867,0.0,1.0,normal,hold_summary,normal variation
PROC-0265,SYN-0067,2024-10-30T09:00:00Z,VESSEL-01,process_temperature_delta,0.7493,-2.0,2.0,normal,process_summary,normal variation
PROC-0266,SYN-0067,2024-10-30T10:00:00Z,PUMP-02,equipment_pressure_ratio,0.9784,0.9,1.1,normal,equipment_summary,normal variation
PROC-0267,SYN-0067,2024-10-30T09:30:00Z,AREA-CORE,differential_pressure_margin,0.6876,0.2,1.0,normal,environment_summary,normal variation
PROC-0268,SYN-0067,2024-10-30T11:30:00Z,VESSEL-01,hold_duration_margin,0.2916,0.0,1.0,normal,hold_summary,normal variation
PROC-0269,SYN-0068,2024-11-03T09:00:00Z,VESSEL-01,process_temperature_delta,-0.3247,-2.0,2.0,normal,process_summary,normal variation
PROC-0270,SYN-0068,2024-11-03T10:00:00Z,PUMP-02,equipment_pressure_ratio,1.006,0.9,1.1,normal,equipment_summary,normal variation
PROC-0271,SYN-0068,2024-11-03T09:30:00Z,AREA-CORE,differential_pressure_margin,0.4294,0.2,1.0,normal,environment_summary,normal variation
PROC-0272,SYN-0068,2024-11-03T11:30:00Z,VESSEL-01,hold_duration_margin,0.661,0.0,1.0,normal,hold_summary,normal variation
PROC-0273,SYN-0069,2024-11-07T09:00:00Z,VESSEL-01,process_temperature_delta,0.3395,-2.0,2.0,normal,process_summary,normal variation
PROC-0274,SYN-0069,2024-11-07T10:00:00Z,PUMP-02,equipment_pressure_ratio,1.0288,0.9,1.1,normal,equipment_summary,normal variation
PROC-0275,SYN-0069,2024-11-07T09:30:00Z,AREA-CORE,differential_pressure_margin,0.7522,0.2,1.0,normal,environment_summary,normal variation
PROC-0276,SYN-0069,2024-11-07T11:30:00Z,VESSEL-01,hold_duration_margin,0.9244,0.0,1.0,normal,hold_summary,near-limit normal hold-duration variation
PROC-0277,SYN-0070,2024-11-11T09:00:00Z,VESSEL-01,process_temperature_delta,0.9642,-2.0,2.0,normal,process_summary,normal variation
PROC-0278,SYN-0070,2024-11-11T10:00:00Z,PUMP-02,equipment_pressure_ratio,0.978,0.9,1.1,normal,equipment_summary,normal variation
PROC-0279,SYN-0070,2024-11-11T09:30:00Z,AREA-CORE,differential_pressure_margin,0.6889,0.2,1.0,normal,environment_summary,normal variation
PROC-0280,SYN-0070,2024-11-11T11:30:00Z,VESSEL-01,hold_duration_margin,0.3281,0.0,1.0,normal,hold_summary,normal variation
PROC-0281,SYN-0071,2024-11-15T09:00:00Z,VESSEL-01,process_temperature_delta,0.6091,-2.0,2.0,normal,process_summary,normal variation
PROC-0282,SYN-0071,2024-11-15T10:00:00Z,PUMP-02,equipment_pressure_ratio,1.0135,0.9,1.1,normal,equipment_summary,normal variation
PROC-0283,SYN-0071,2024-11-15T09:30:00Z,AREA-CORE,differential_pressure_margin,0.779,0.2,1.0,normal,environment_summary,normal variation
PROC-0284,SYN-0071,2024-11-15T11:30:00Z,VESSEL-01,hold_duration_margin,0.6634,0.0,1.0,normal,hold_summary,normal variation
PROC-0285,SYN-0072,2024-11-19T09:00:00Z,VESSEL-01,process_temperature_delta,-0.0662,-2.0,2.0,normal,process_summary,normal variation
PROC-0286,SYN-0072,2024-11-19T10:00:00Z,PUMP-02,equipment_pressure_ratio,0.992,0.9,1.1,normal,equipment_summary,normal variation
PROC-0287,SYN-0072,2024-11-19T09:30:00Z,AREA-CORE,differential_pressure_margin,0.7157,0.2,1.0,normal,environment_summary,normal variation
PROC-0288,SYN-0072,2024-11-19T11:30:00Z,VESSEL-01,hold_duration_margin,0.4839,0.0,1.0,normal,hold_summary,normal variation
PROC-0289,SYN-0073,2024-11-23T09:00:00Z,VESSEL-01,process_temperature_delta,-1.3781,-2.0,2.0,normal,process_summary,normal variation
PROC-0290,SYN-0073,2024-11-23T10:00:00Z,PUMP-02,equipment_pressure_ratio,0.9833,0.9,1.1,normal,equipment_summary,normal variation
PROC-0291,SYN-0073,2024-11-23T09:30:00Z,AREA-CORE,differential_pressure_margin,0.6602,0.2,1.0,normal,environment_summary,normal variation
PROC-0292,SYN-0073,2024-11-23T11:30:00Z,VESSEL-01,hold_duration_margin,0.8046,0.0,1.0,normal,hold_summary,normal variation
PROC-0293,SYN-0074,2024-11-27T09:00:00Z,VESSEL-01,process_temperature_delta,-0.6009,-2.0,2.0,normal,process_summary,normal variation
PROC-0294,SYN-0074,2024-11-27T10:00:00Z,PUMP-02,equipment_pressure_ratio,1.0498,0.9,1.1,normal,equipment_summary,normal variation
PROC-0295,SYN-0074,2024-11-27T09:30:00Z,AREA-CORE,differential_pressure_margin,0.541,0.2,1.0,normal,environment_summary,normal variation
PROC-0296,SYN-0074,2024-11-27T11:30:00Z,VESSEL-01,hold_duration_margin,0.7219,0.0,1.0,normal,hold_summary,normal variation
PROC-0297,BATCH-075,2024-12-01T08:40:00Z,VESSEL-01,process_temperature_delta,0.7897,-2.0,2.0,normal,process_summary,normal variation
PROC-0298,BATCH-075,2024-12-01T09:40:00Z,PUMP-02,equipment_pressure_ratio,0.992,0.9,1.1,normal,equipment_summary,normal variation
PROC-0299,BATCH-075,2024-12-01T09:10:00Z,AREA-CORE,differential_pressure_margin,0.9615,0.2,1.0,low,environment_summary,normal variation
PROC-0300,BATCH-075,2024-12-01T11:10:00Z,VESSEL-01,hold_duration_margin,0.42,0.0,1.0,normal,hold_summary,normal variation
PROC-0301,SYN-0075,2024-12-02T09:00:00Z,VESSEL-01,process_temperature_delta,0.3289,-2.0,2.0,normal,process_summary,normal variation
PROC-0302,SYN-0075,2024-12-02T10:00:00Z,PUMP-02,equipment_pressure_ratio,0.9887,0.9,1.1,normal,equipment_summary,normal variation
PROC-0303,SYN-0075,2024-12-02T09:30:00Z,AREA-CORE,differential_pressure_margin,0.9021,0.2,1.0,normal,environment_summary,normal variation
PROC-0304,SYN-0075,2024-12-02T11:30:00Z,VESSEL-01,hold_duration_margin,0.7839,0.0,1.0,normal,hold_summary,normal variation
PROC-0305,SYN-0076,2024-12-05T09:00:00Z,VESSEL-01,process_temperature_delta,-0.3335,-2.0,2.0,normal,process_summary,normal variation
PROC-0306,SYN-0076,2024-12-05T10:00:00Z,PUMP-02,equipment_pressure_ratio,1.0113,0.9,1.1,normal,equipment_summary,normal variation
PROC-0307,SYN-0076,2024-12-05T09:30:00Z,AREA-CORE,differential_pressure_margin,0.87,0.2,1.0,normal,environment_summary,normal variation
PROC-0308,SYN-0076,2024-12-05T11:30:00Z,VESSEL-01,hold_duration_margin,0.9542,0.0,1.0,low,hold_summary,near-limit normal hold-duration variation
PROC-0309,SYN-0077,2024-12-09T09:00:00Z,VESSEL-01,process_temperature_delta,0.5039,-2.0,2.0,normal,process_summary,normal variation
PROC-0310,SYN-0077,2024-12-09T10:00:00Z,PUMP-02,equipment_pressure_ratio,0.9915,0.9,1.1,normal,equipment_summary,normal variation
PROC-0311,SYN-0077,2024-12-09T09:30:00Z,AREA-CORE,differential_pressure_margin,0.9494,0.2,1.0,normal,environment_summary,normal variation
PROC-0312,SYN-0077,2024-12-09T11:30:00Z,VESSEL-01,hold_duration_margin,0.4249,0.0,1.0,normal,hold_summary,normal variation
PROC-0313,SYN-0078,2024-12-13T09:00:00Z,VESSEL-01,process_temperature_delta,0.4102,-2.0,2.0,normal,process_summary,normal variation
PROC-0314,SYN-0078,2024-12-13T10:00:00Z,PUMP-02,equipment_pressure_ratio,1.0039,0.9,1.1,normal,equipment_summary,normal variation
PROC-0315,SYN-0078,2024-12-13T09:30:00Z,AREA-CORE,differential_pressure_margin,0.7827,0.2,1.0,normal,environment_summary,normal variation
PROC-0316,SYN-0078,2024-12-13T11:30:00Z,VESSEL-01,hold_duration_margin,0.4562,0.0,1.0,normal,hold_summary,normal variation
PROC-0317,SYN-0079,2024-12-17T09:00:00Z,VESSEL-01,process_temperature_delta,0.5419,-2.0,2.0,normal,process_summary,normal variation
PROC-0318,SYN-0079,2024-12-17T10:00:00Z,PUMP-02,equipment_pressure_ratio,0.9774,0.9,1.1,normal,equipment_summary,normal variation
PROC-0319,SYN-0079,2024-12-17T09:30:00Z,AREA-CORE,differential_pressure_margin,0.6338,0.2,1.0,normal,environment_summary,normal variation
PROC-0320,SYN-0079,2024-12-17T11:30:00Z,VESSEL-01,hold_duration_margin,0.5685,0.0,1.0,normal,hold_summary,normal variation
PROC-0321,SYN-0080,2024-12-21T09:00:00Z,VESSEL-01,process_temperature_delta,-0.4708,-2.0,2.0,normal,process_summary,normal variation
PROC-0322,SYN-0080,2024-12-21T10:00:00Z,PUMP-02,equipment_pressure_ratio,0.9478,0.9,1.1,normal,equipment_summary,normal variation
PROC-0323,SYN-0080,2024-12-21T09:30:00Z,AREA-CORE,differential_pressure_margin,0.7973,0.2,1.0,normal,environment_summary,normal variation
PROC-0324,SYN-0080,2024-12-21T11:30:00Z,VESSEL-01,hold_duration_margin,0.4482,0.0,1.0,normal,hold_summary,normal variation
PROC-0325,SYN-0081,2024-12-25T09:00:00Z,VESSEL-01,process_temperature_delta,0.4768,-2.0,2.0,normal,process_summary,normal variation
PROC-0326,SYN-0081,2024-12-25T10:00:00Z,PUMP-02,equipment_pressure_ratio,1.0661,0.9,1.1,normal,equipment_summary,normal variation
PROC-0327,SYN-0081,2024-12-25T09:30:00Z,AREA-CORE,differential_pressure_margin,0.8866,0.2,1.0,normal,environment_summary,normal variation
PROC-0328,SYN-0081,2024-12-25T11:30:00Z,VESSEL-01,hold_duration_margin,0.9453,0.0,1.0,low,hold_summary,near-limit normal hold-duration variation
PROC-0329,SYN-0082,2024-12-29T09:00:00Z,VESSEL-01,process_temperature_delta,0.3057,-2.0,2.0,normal,process_summary,normal variation
PROC-0330,SYN-0082,2024-12-29T10:00:00Z,PUMP-02,equipment_pressure_ratio,1.0727,0.9,1.1,normal,equipment_summary,normal variation
PROC-0331,SYN-0082,2024-12-29T09:30:00Z,AREA-CORE,differential_pressure_margin,0.8545,0.2,1.0,normal,environment_summary,normal variation
PROC-0332,SYN-0082,2024-12-29T11:30:00Z,VESSEL-01,hold_duration_margin,0.5873,0.0,1.0,normal,hold_summary,normal variation
PROC-0333,SYN-0083,2025-01-02T09:00:00Z,VESSEL-01,process_temperature_delta,0.3065,-2.0,2.0,normal,process_summary,normal variation
PROC-0334,SYN-0083,2025-01-02T10:00:00Z,PUMP-02,equipment_pressure_ratio,0.976,0.9,1.1,normal,equipment_summary,normal variation
PROC-0335,SYN-0083,2025-01-02T09:30:00Z,AREA-CORE,differential_pressure_margin,0.9263,0.2,1.0,normal,environment_summary,normal variation
PROC-0336,SYN-0083,2025-01-02T11:30:00Z,VESSEL-01,hold_duration_margin,0.3659,0.0,1.0,normal,hold_summary,normal variation
PROC-0337,BATCH-084,2025-01-04T09:05:00Z,VESSEL-01,process_temperature_delta,-1.1163,-2.0,2.0,normal,process_summary,normal variation
PROC-0338,BATCH-084,2025-01-04T10:05:00Z,PUMP-02,equipment_pressure_ratio,1.0041,0.9,1.1,normal,equipment_summary,normal variation
PROC-0339,BATCH-084,2025-01-04T09:35:00Z,AREA-CORE,differential_pressure_margin,0.4899,0.2,1.0,normal,environment_summary,normal variation
PROC-0340,BATCH-084,2025-01-04T11:35:00Z,VESSEL-01,hold_duration_margin,0.95,0.0,1.0,low,hold_summary,near-limit normal hold-duration variation
PROC-0341,SYN-0084,2025-01-06T09:00:00Z,VESSEL-01,process_temperature_delta,0.5146,-2.0,2.0,normal,process_summary,normal variation
PROC-0342,SYN-0084,2025-01-06T10:00:00Z,PUMP-02,equipment_pressure_ratio,0.9737,0.9,1.1,normal,equipment_summary,normal variation
PROC-0343,SYN-0084,2025-01-06T09:30:00Z,AREA-CORE,differential_pressure_margin,0.737,0.2,1.0,normal,environment_summary,normal variation
PROC-0344,SYN-0084,2025-01-06T11:30:00Z,VESSEL-01,hold_duration_margin,0.3658,0.0,1.0,normal,hold_summary,normal variation
PROC-0345,SYN-0085,2025-01-10T09:00:00Z,VESSEL-01,process_temperature_delta,0.175,-2.0,2.0,normal,process_summary,normal variation
PROC-0346,SYN-0085,2025-01-10T10:00:00Z,PUMP-02,equipment_pressure_ratio,1.0298,0.9,1.1,normal,equipment_summary,normal variation
PROC-0347,SYN-0085,2025-01-10T09:30:00Z,AREA-CORE,differential_pressure_margin,0.7435,0.2,1.0,normal,environment_summary,normal variation
PROC-0348,SYN-0085,2025-01-10T11:30:00Z,VESSEL-01,hold_duration_margin,0.5127,0.0,1.0,normal,hold_summary,normal variation
PROC-0349,SYN-0086,2025-01-14T09:00:00Z,VESSEL-01,process_temperature_delta,-0.937,-2.0,2.0,normal,process_summary,normal variation
PROC-0350,SYN-0086,2025-01-14T10:00:00Z,PUMP-02,equipment_pressure_ratio,0.9379,0.9,1.1,normal,equipment_summary,normal variation
PROC-0351,SYN-0086,2025-01-14T09:30:00Z,AREA-CORE,differential_pressure_margin,0.9868,0.2,1.0,low,environment_summary,normal variation
PROC-0352,SYN-0086,2025-01-14T11:30:00Z,VESSEL-01,hold_duration_margin,0.4845,0.0,1.0,normal,hold_summary,normal variation
PROC-0353,SYN-0087,2025-01-18T09:00:00Z,VESSEL-01,process_temperature_delta,0.1041,-2.0,2.0,normal,process_summary,normal variation
PROC-0354,SYN-0087,2025-01-18T10:00:00Z,PUMP-02,equipment_pressure_ratio,0.9625,0.9,1.1,normal,equipment_summary,normal variation
PROC-0355,SYN-0087,2025-01-18T09:30:00Z,AREA-CORE,differential_pressure_margin,0.7532,0.2,1.0,normal,environment_summary,normal variation
PROC-0356,SYN-0087,2025-01-18T11:30:00Z,VESSEL-01,hold_duration_margin,0.683,0.0,1.0,normal,hold_summary,normal variation
PROC-0357,SYN-0088,2025-01-22T09:00:00Z,VESSEL-01,process_temperature_delta,-0.2845,-2.0,2.0,normal,process_summary,normal variation
PROC-0358,SYN-0088,2025-01-22T10:00:00Z,PUMP-02,equipment_pressure_ratio,0.9577,0.9,1.1,normal,equipment_summary,normal variation
PROC-0359,SYN-0088,2025-01-22T09:30:00Z,AREA-CORE,differential_pressure_margin,0.6279,0.2,1.0,normal,environment_summary,normal variation
PROC-0360,SYN-0088,2025-01-22T11:30:00Z,VESSEL-01,hold_duration_margin,0.9397,0.0,1.0,normal,hold_summary,near-limit normal hold-duration variation
PROC-0361,SYN-0089,2025-01-26T09:00:00Z,VESSEL-01,process_temperature_delta,-0.3266,-2.0,2.0,normal,process_summary,normal variation
PROC-0362,SYN-0089,2025-01-26T10:00:00Z,PUMP-02,equipment_pressure_ratio,0.9572,0.9,1.1,normal,equipment_summary,normal variation
PROC-0363,SYN-0089,2025-01-26T09:30:00Z,AREA-CORE,differential_pressure_margin,0.9533,0.2,1.0,low,environment_summary,normal variation
PROC-0364,SYN-0089,2025-01-26T11:30:00Z,VESSEL-01,hold_duration_margin,0.4471,0.0,1.0,normal,hold_summary,normal variation
PROC-0365,SYN-0090,2025-01-30T09:00:00Z,VESSEL-01,process_temperature_delta,-0.2818,-2.0,2.0,normal,process_summary,normal variation
PROC-0366,SYN-0090,2025-01-30T10:00:00Z,PUMP-02,equipment_pressure_ratio,1.24,0.9,1.1,high,equipment_summary,incident family B injected excursion
PROC-0367,SYN-0090,2025-01-30T09:30:00Z,AREA-CORE,differential_pressure_margin,0.6649,0.2,1.0,normal,environment_summary,normal variation
PROC-0368,SYN-0090,2025-01-30T11:30:00Z,VESSEL-01,hold_duration_margin,0.3905,0.0,1.0,normal,hold_summary,normal variation
PROC-0369,SYN-0091,2025-02-03T09:00:00Z,VESSEL-01,process_temperature_delta,0.2182,-2.0,2.0,normal,process_summary,normal variation
PROC-0370,SYN-0091,2025-02-03T10:00:00Z,PUMP-02,equipment_pressure_ratio,0.9932,0.9,1.1,normal,equipment_summary,normal variation
PROC-0371,SYN-0091,2025-02-03T09:30:00Z,AREA-CORE,differential_pressure_margin,0.6954,0.2,1.0,normal,environment_summary,normal variation
PROC-0372,SYN-0091,2025-02-03T11:30:00Z,VESSEL-01,hold_duration_margin,0.4696,0.0,1.0,normal,hold_summary,normal variation
PROC-0373,SYN-0092,2025-02-07T09:00:00Z,VESSEL-01,process_temperature_delta,-0.085,-2.0,2.0,normal,process_summary,normal variation
PROC-0374,SYN-0092,2025-02-07T10:00:00Z,PUMP-02,equipment_pressure_ratio,1.0292,0.9,1.1,normal,equipment_summary,normal variation
PROC-0375,SYN-0092,2025-02-07T09:30:00Z,AREA-CORE,differential_pressure_margin,0.8357,0.2,1.0,normal,environment_summary,normal variation
PROC-0376,SYN-0092,2025-02-07T11:30:00Z,VESSEL-01,hold_duration_margin,0.511,0.0,1.0,normal,hold_summary,normal variation
PROC-0377,SYN-0093,2025-02-11T09:00:00Z,VESSEL-01,process_temperature_delta,0.0543,-2.0,2.0,normal,process_summary,normal variation
PROC-0378,SYN-0093,2025-02-11T10:00:00Z,PUMP-02,equipment_pressure_ratio,0.9542,0.9,1.1,normal,equipment_summary,normal variation
PROC-0379,SYN-0093,2025-02-11T09:30:00Z,AREA-CORE,differential_pressure_margin,0.8786,0.2,1.0,normal,environment_summary,normal variation
PROC-0380,SYN-0093,2025-02-11T11:30:00Z,VESSEL-01,hold_duration_margin,0.5876,0.0,1.0,normal,hold_summary,normal variation
PROC-0381,SYN-0094,2025-02-15T09:00:00Z,VESSEL-01,process_temperature_delta,-0.3088,-2.0,2.0,normal,process_summary,normal variation
PROC-0382,SYN-0094,2025-02-15T10:00:00Z,PUMP-02,equipment_pressure_ratio,0.9806,0.9,1.1,normal,equipment_summary,normal variation
PROC-0383,SYN-0094,2025-02-15T09:30:00Z,AREA-CORE,differential_pressure_margin,0.8376,0.2,1.0,normal,environment_summary,normal variation
PROC-0384,SYN-0094,2025-02-15T11:30:00Z,VESSEL-01,hold_duration_margin,0.7746,0.0,1.0,normal,hold_summary,normal variation
PROC-0385,SYN-0095,2025-02-19T09:00:00Z,VESSEL-01,process_temperature_delta,-0.7251,-2.0,2.0,normal,process_summary,normal variation
PROC-0386,SYN-0095,2025-02-19T10:00:00Z,PUMP-02,equipment_pressure_ratio,1.0363,0.9,1.1,normal,equipment_summary,normal variation
PROC-0387,SYN-0095,2025-02-19T09:30:00Z,AREA-CORE,differential_pressure_margin,0.7421,0.2,1.0,normal,environment_summary,normal variation
PROC-0388,SYN-0095,2025-02-19T11:30:00Z,VESSEL-01,hold_duration_margin,0.5041,0.0,1.0,normal,hold_summary,normal variation
PROC-0389,SYN-0096,2025-02-23T09:00:00Z,VESSEL-01,process_temperature_delta,-0.1191,-2.0,2.0,normal,process_summary,normal variation
PROC-0390,SYN-0096,2025-02-23T10:00:00Z,PUMP-02,equipment_pressure_ratio,0.9622,0.9,1.1,normal,equipment_summary,normal variation
PROC-0391,SYN-0096,2025-02-23T09:30:00Z,AREA-CORE,differential_pressure_margin,0.5799,0.2,1.0,normal,environment_summary,normal variation
PROC-0392,SYN-0096,2025-02-23T11:30:00Z,VESSEL-01,hold_duration_margin,0.6721,0.0,1.0,normal,hold_summary,normal variation
PROC-0393,SYN-0097,2025-02-27T09:00:00Z,VESSEL-01,process_temperature_delta,-0.0788,-2.0,2.0,normal,process_summary,normal variation
PROC-0394,SYN-0097,2025-02-27T10:00:00Z,PUMP-02,equipment_pressure_ratio,0.9581,0.9,1.1,normal,equipment_summary,normal variation
PROC-0395,SYN-0097,2025-02-27T09:30:00Z,AREA-CORE,differential_pressure_margin,0.8789,0.2,1.0,normal,environment_summary,normal variation
PROC-0396,SYN-0097,2025-02-27T11:30:00Z,VESSEL-01,hold_duration_margin,0.3566,0.0,1.0,normal,hold_summary,normal variation
PROC-0397,BATCH-099,2025-03-12T08:55:00Z,VESSEL-01,process_temperature_delta,-0.6916,-2.0,2.0,normal,process_summary,normal variation
PROC-0398,BATCH-099,2025-03-12T09:55:00Z,PUMP-02,equipment_pressure_ratio,1.0552,0.9,1.1,normal,equipment_summary,normal variation
PROC-0399,BATCH-099,2025-03-12T09:25:00Z,AREA-CORE,differential_pressure_margin,0.711,0.2,1.0,normal,environment_summary,normal variation
PROC-0400,BATCH-099,2025-03-12T11:25:00Z,VESSEL-01,hold_duration_margin,0.61,0.0,1.0,normal,hold_summary,normal variation
