batch_id,true_incident,true_severity,incident_type,earliest_detectable_timestamp,ideal_escalation_level,rationale,evidence_required,relevant_batch_ids,relevant_equipment_ids,plausible_hypotheses,expected_actions,expected_teams,negative_control,counterfactual_pair_id,counterfactual_role
SYN-0001,0,LOW,none,,NONE,Synthetic benchmark control or incident scenario.,[],"[""SYN-0001""]",[],[],[],[],1,,
SYN-0002,0,LOW,none,,NONE,Synthetic benchmark control or incident scenario.,[],"[""SYN-0002""]",[],[],[],[],0,,
SYN-0003,0,LOW,none,,NONE,Synthetic benchmark control or incident scenario.,[],"[""SYN-0003""]",[],[],[],[],0,,
SYN-0004,0,LOW,benign_abnormality,,L2,Synthetic benchmark control or incident scenario.,[],"[""SYN-0004""]",[],[],[],[],1,PAIR-MICRO-01,isolated_negative_control
SYN-0005,0,LOW,none,,NONE,Synthetic benchmark control or incident scenario.,[],"[""SYN-0005""]",[],[],[],[],1,,
SYN-0006,0,LOW,none,,NONE,Synthetic benchmark control or incident scenario.,[],"[""SYN-0006""]",[],[],[],[],1,,
SYN-0007,0,LOW,none,,NONE,Synthetic benchmark control or incident scenario.,[],"[""SYN-0007""]",[],[],[],[],0,,
SYN-0008,0,LOW,none,,NONE,Synthetic benchmark control or incident scenario.,[],"[""SYN-0008""]",[],[],[],[],0,,
SYN-0009,0,LOW,none,,NONE,Synthetic benchmark control or incident scenario.,[],"[""SYN-0009""]",[],[],[],[],0,,
SYN-0010,0,LOW,none,,NONE,Synthetic benchmark control or incident scenario.,[],"[""SYN-0010""]",[],[],[],[],0,,
SYN-0011,0,LOW,none,,NONE,Synthetic benchmark control or incident scenario.,[],"[""SYN-0011""]",[],[],[],[],0,,
SYN-0012,0,LOW,none,,NONE,Synthetic benchmark control or incident scenario.,[],"[""SYN-0012""]",[],[],[],[],0,,
SYN-0013,0,LOW,none,,NONE,Synthetic benchmark control or incident scenario.,[],"[""SYN-0013""]",[],[],[],[],0,,
SYN-0014,0,LOW,benign_abnormality,,L1,Synthetic benchmark control or incident scenario.,[],"[""SYN-0014""]",[],[],[],[],1,,
SYN-0015,0,LOW,benign_abnormality,,L2,Synthetic benchmark control or incident scenario.,[],"[""SYN-0015""]",[],[],[],[],1,,
SYN-0016,0,LOW,none,,NONE,Synthetic benchmark control or incident scenario.,[],"[""SYN-0016""]",[],[],[],[],1,,
SYN-0017,0,LOW,none,,NONE,Synthetic benchmark control or incident scenario.,[],"[""SYN-0017""]",[],[],[],[],0,,
SYN-0018,0,LOW,benign_abnormality,,L1,Synthetic benchmark control or incident scenario.,[],"[""SYN-0018""]",[],[],[],[],1,,
SYN-0019,0,LOW,none,,NONE,Synthetic benchmark control or incident scenario.,[],"[""SYN-0019""]",[],[],[],[],0,,
SYN-0020,0,LOW,none,,NONE,Synthetic benchmark control or incident scenario.,[],"[""SYN-0020""]",[],[],[],[],0,,
SYN-0021,0,LOW,none,,NONE,Synthetic benchmark control or incident scenario.,[],"[""SYN-0021""]",[],[],[],[],0,,
SYN-0022,0,LOW,none,,NONE,Synthetic benchmark control or incident scenario.,[],"[""SYN-0022""]",[],[],[],[],0,,
SYN-0023,0,LOW,none,,NONE,Synthetic benchmark control or incident scenario.,[],"[""SYN-0023""]",[],[],[],[],0,,
SYN-0024,0,LOW,none,,NONE,Synthetic benchmark control or incident scenario.,[],"[""SYN-0024""]",[],[],[],[],0,,
SYN-0025,0,LOW,none,,NONE,Synthetic benchmark control or incident scenario.,[],"[""SYN-0025""]",[],[],[],[],0,,
SYN-0026,0,LOW,none,,NONE,Synthetic benchmark control or incident scenario.,[],"[""SYN-0026""]",[],[],[],[],1,,
SYN-0027,0,LOW,none,,NONE,Synthetic benchmark control or incident scenario.,[],"[""SYN-0027""]",[],[],[],[],0,,
SYN-0028,0,LOW,none,,NONE,Synthetic benchmark control or incident scenario.,[],"[""SYN-0028""]",[],[],[],[],0,,
SYN-0029,0,LOW,benign_abnormality,,L1,Synthetic benchmark control or incident scenario.,[],"[""SYN-0029""]",[],[],[],[],1,,
SYN-0030,0,LOW,none,,NONE,Synthetic benchmark control or incident scenario.,[],"[""SYN-0030""]",[],[],[],[],0,,
SYN-0031,0,LOW,none,,NONE,Synthetic benchmark control or incident scenario.,[],"[""SYN-0031""]",[],[],[],[],0,,
SYN-0032,0,LOW,benign_abnormality,,L1,Synthetic benchmark control or incident scenario.,[],"[""SYN-0032""]",[],[],[],[],1,,
SYN-0033,0,LOW,none,,NONE,Synthetic benchmark control or incident scenario.,[],"[""SYN-0033""]",[],[],[],[],1,,
SYN-0034,0,LOW,none,,NONE,Synthetic benchmark control or incident scenario.,[],"[""SYN-0034""]",[],[],[],[],0,,
SYN-0035,0,LOW,none,,NONE,Synthetic benchmark control or incident scenario.,[],"[""SYN-0035""]",[],[],[],[],1,,
SYN-0036,0,LOW,benign_abnormality,,L1,Synthetic benchmark control or incident scenario.,[],"[""SYN-0036""]",[],[],[],[],1,,
SYN-0037,0,LOW,none,,NONE,Synthetic benchmark control or incident scenario.,[],"[""SYN-0037""]",[],[],[],[],1,,
SYN-0038,0,LOW,none,,NONE,Synthetic benchmark control or incident scenario.,[],"[""SYN-0038""]",[],[],[],[],1,,
SYN-0039,0,LOW,none,,NONE,Synthetic benchmark control or incident scenario.,[],"[""SYN-0039""]",[],[],[],[],0,,
SYN-0040,0,LOW,none,,NONE,Synthetic benchmark control or incident scenario.,[],"[""SYN-0040""]",[],[],[],[],0,,
SYN-0041,0,LOW,none,,NONE,Synthetic benchmark control or incident scenario.,[],"[""SYN-0041""]",[],[],[],[],0,,
SYN-0042,0,LOW,none,,NONE,Synthetic benchmark control or incident scenario.,[],"[""SYN-0042""]",[],[],[],[],0,,
SYN-0043,0,LOW,none,,NONE,Synthetic benchmark control or incident scenario.,[],"[""SYN-0043""]",[],[],[],[],0,,
SYN-0044,0,LOW,none,,NONE,Synthetic benchmark control or incident scenario.,[],"[""SYN-0044""]",[],[],[],[],1,,
SYN-0045,0,LOW,none,,NONE,Synthetic benchmark control or incident scenario.,[],"[""SYN-0045""]",[],[],[],[],0,,
SYN-0046,0,LOW,none,,NONE,Synthetic benchmark control or incident scenario.,[],"[""SYN-0046""]",[],[],[],[],0,,
SYN-0047,0,LOW,none,,NONE,Synthetic benchmark control or incident scenario.,[],"[""SYN-0047""]",[],[],[],[],0,,
SYN-0048,0,LOW,none,,NONE,Synthetic benchmark control or incident scenario.,[],"[""SYN-0048""]",[],[],[],[],0,,
SYN-0049,0,LOW,none,,NONE,Synthetic benchmark control or incident scenario.,[],"[""SYN-0049""]",[],[],[],[],0,,
SYN-0050,0,LOW,none,,NONE,Synthetic benchmark control or incident scenario.,[],"[""SYN-0050""]",[],[],[],[],0,,
SYN-0051,0,LOW,none,,NONE,Synthetic benchmark control or incident scenario.,[],"[""SYN-0051""]",[],[],[],[],0,,
SYN-0052,0,LOW,none,,NONE,Synthetic benchmark control or incident scenario.,[],"[""SYN-0052""]",[],[],[],[],0,,
SYN-0053,0,LOW,none,,NONE,Synthetic benchmark control or incident scenario.,[],"[""SYN-0053""]",[],[],[],[],1,,
SYN-0054,0,LOW,none,,NONE,Synthetic benchmark control or incident scenario.,[],"[""SYN-0054""]",[],[],[],[],0,,
SYN-0055,0,LOW,none,,NONE,Synthetic benchmark control or incident scenario.,[],"[""SYN-0055""]",[],[],[],[],0,,
SYN-0056,0,LOW,none,,NONE,Synthetic benchmark control or incident scenario.,[],"[""SYN-0056""]",[],[],[],[],0,,
SYN-0057,0,LOW,none,,NONE,Synthetic benchmark control or incident scenario.,[],"[""SYN-0057""]",[],[],[],[],0,,
SYN-0058,0,LOW,none,,NONE,Synthetic benchmark control or incident scenario.,[],"[""SYN-0058""]",[],[],[],[],0,,
SYN-0059,0,LOW,none,,NONE,Synthetic benchmark control or incident scenario.,[],"[""SYN-0059""]",[],[],[],[],0,,
SYN-0060,0,LOW,none,,NONE,Synthetic benchmark control or incident scenario.,[],"[""SYN-0060""]",[],[],[],[],0,,
SYN-0061,0,LOW,none,,NONE,Synthetic benchmark control or incident scenario.,[],"[""SYN-0061""]",[],[],[],[],0,,
SYN-0062,0,LOW,none,,NONE,Synthetic benchmark control or incident scenario.,[],"[""SYN-0062""]",[],[],[],[],0,,
SYN-0063,0,LOW,none,,NONE,Synthetic benchmark control or incident scenario.,[],"[""SYN-0063""]",[],[],[],[],1,,
SYN-0064,0,LOW,none,,NONE,Synthetic benchmark control or incident scenario.,[],"[""SYN-0064""]",[],[],[],[],0,,
SYN-0065,0,LOW,none,,NONE,Synthetic benchmark control or incident scenario.,[],"[""SYN-0065""]",[],[],[],[],0,,
SYN-0066,0,LOW,none,,NONE,Synthetic benchmark control or incident scenario.,[],"[""SYN-0066""]",[],[],[],[],0,,
SYN-0067,0,LOW,none,,NONE,Synthetic benchmark control or incident scenario.,[],"[""SYN-0067""]",[],[],[],[],1,,
SYN-0068,0,LOW,none,,NONE,Synthetic benchmark control or incident scenario.,[],"[""SYN-0068""]",[],[],[],[],0,,
SYN-0069,0,LOW,none,,NONE,Synthetic benchmark control or incident scenario.,[],"[""SYN-0069""]",[],[],[],[],0,,
SYN-0070,0,LOW,none,,NONE,Synthetic benchmark control or incident scenario.,[],"[""SYN-0070""]",[],[],[],[],0,,
SYN-0071,0,LOW,none,,NONE,Synthetic benchmark control or incident scenario.,[],"[""SYN-0071""]",[],[],[],[],0,,
SYN-0072,0,LOW,none,,NONE,Synthetic benchmark control or incident scenario.,[],"[""SYN-0072""]",[],[],[],[],0,,
SYN-0073,0,LOW,none,,NONE,Synthetic benchmark control or incident scenario.,[],"[""SYN-0073""]",[],[],[],[],0,,
SYN-0074,0,LOW,none,,NONE,Synthetic benchmark control or incident scenario.,[],"[""SYN-0074""]",[],[],[],[],1,,
BATCH-075,1,HIGH,repeated_microbiological_excursion,2024-12-01T12:00:00Z,L3,"Reconstructed family A; public sequence, synthetic operational details.","[""LAB-0225""]","[""BATCH-075""]",[],"[""upstream microbiological control"", ""sampling or laboratory anomaly""]","[""organism identification"", ""compare related batches"", ""QA scope assessment""]","[""QA"", ""Microbiology"", ""MSAT""]",0,,
SYN-0075,0,LOW,none,,NONE,Synthetic benchmark control or incident scenario.,[],"[""SYN-0075""]",[],[],[],[],0,,
SYN-0076,0,LOW,none,,NONE,Synthetic benchmark control or incident scenario.,[],"[""SYN-0076""]",[],[],[],[],0,,
SYN-0077,0,LOW,none,,NONE,Synthetic benchmark control or incident scenario.,[],"[""SYN-0077""]",[],[],[],[],0,,
SYN-0078,0,LOW,none,,NONE,Synthetic benchmark control or incident scenario.,[],"[""SYN-0078""]",[],[],[],[],0,,
SYN-0079,0,LOW,none,,NONE,Synthetic benchmark control or incident scenario.,[],"[""SYN-0079""]",[],[],[],[],0,,
SYN-0080,0,LOW,none,,NONE,Synthetic benchmark control or incident scenario.,[],"[""SYN-0080""]",[],[],[],[],0,,
SYN-0081,0,LOW,none,,NONE,Synthetic benchmark control or incident scenario.,[],"[""SYN-0081""]",[],[],[],[],0,,
SYN-0082,0,LOW,benign_abnormality,,L1,Synthetic benchmark control or incident scenario.,[],"[""SYN-0082""]",[],[],[],[],1,,
SYN-0083,0,LOW,none,,NONE,Synthetic benchmark control or incident scenario.,[],"[""SYN-0083""]",[],[],[],[],0,,
BATCH-084,1,HIGH,repeated_microbiological_excursion,2025-01-04T12:25:00Z,L3,"Reconstructed family A; public sequence, synthetic operational details.","[""LAB-0255""]","[""BATCH-075"", ""BATCH-084""]",[],"[""upstream microbiological control"", ""sampling or laboratory anomaly""]","[""organism identification"", ""compare related batches"", ""QA scope assessment""]","[""QA"", ""Microbiology"", ""MSAT""]",0,PAIR-MICRO-01,recurring_target
SYN-0084,0,LOW,none,,NONE,Synthetic benchmark control or incident scenario.,[],"[""SYN-0084""]",[],[],[],[],0,,
SYN-0085,0,LOW,none,,NONE,Synthetic benchmark control or incident scenario.,[],"[""SYN-0085""]",[],[],[],[],0,,
SYN-0086,0,LOW,none,,NONE,Synthetic benchmark control or incident scenario.,[],"[""SYN-0086""]",[],[],[],[],0,,
SYN-0087,0,LOW,none,,NONE,Synthetic benchmark control or incident scenario.,[],"[""SYN-0087""]",[],[],[],[],0,,
SYN-0088,0,LOW,none,,NONE,Synthetic benchmark control or incident scenario.,[],"[""SYN-0088""]",[],[],[],[],1,,
SYN-0089,0,LOW,none,,NONE,Synthetic benchmark control or incident scenario.,[],"[""SYN-0089""]",[],[],[],[],0,,
SYN-0090,1,MEDIUM,equipment_process_anomaly_benign_quality,2025-01-30T10:00:00Z,L2,Synthetic benchmark control or incident scenario.,[],"[""SYN-0090""]","[""PUMP-02""]","[""equipment pressure control""]","[""equipment inspection"", ""process trajectory review""]","[""Maintenance"", ""MSAT""]",0,,
SYN-0091,1,HIGH,recurring_deviation_ineffective_action,2025-02-03T12:38:00Z,L3,Synthetic benchmark control or incident scenario.,[],"[""SYN-0091""]","[""VESSEL-01""]","[""prior corrective action ineffective""]","[""review prior CAPA"", ""effectiveness check""]","[""QA"", ""Manufacturing""]",0,,
SYN-0092,0,LOW,none,,NONE,Synthetic benchmark control or incident scenario.,[],"[""SYN-0092""]",[],[],[],[],0,,
SYN-0093,0,LOW,none,,NONE,Synthetic benchmark control or incident scenario.,[],"[""SYN-0093""]",[],[],[],[],0,,
SYN-0094,0,LOW,none,,NONE,Synthetic benchmark control or incident scenario.,[],"[""SYN-0094""]",[],[],[],[],0,,
SYN-0095,0,LOW,none,,NONE,Synthetic benchmark control or incident scenario.,[],"[""SYN-0095""]",[],[],[],[],0,,
SYN-0096,0,LOW,none,,NONE,Synthetic benchmark control or incident scenario.,[],"[""SYN-0096""]",[],[],[],[],0,,
SYN-0097,0,LOW,none,,NONE,Synthetic benchmark control or incident scenario.,[],"[""SYN-0097""]",[],[],[],[],0,,
BATCH-099,1,HIGH,repeated_microbiological_excursion,2025-03-12T11:05:00Z,L3,"Reconstructed family A; public sequence, synthetic operational details.","[""LAB-0300""]","[""BATCH-075"", ""BATCH-084"", ""BATCH-099""]",[],"[""upstream microbiological control"", ""sampling or laboratory anomaly""]","[""organism identification"", ""compare related batches"", ""QA scope assessment""]","[""QA"", ""Microbiology"", ""MSAT""]",0,,
